id,sales_volume,user_rating
P0,17,3.92
P1,969,3.71
P2,721,2.59
P3,294,3.61
P4,768,2.1
P5,829,1.11
P6,581,3.61
P7,955,2.39
P8,845,1.88
P9,57,4.15
P10,714,4.96
P11,961,2.2
P12,394,4.59
P13,333,2.66
P14,961,2.9
P15,170,1.75
P16,57,2.26
P17,333,3.17
P18,112,2.28
P19,619,1.57
P20,694,1.99
P21,231,1.78
P22,833,2.63
P23,320,4.77
P24,445,3.53
P25,502,4.12
P26,248,2.56
P27,313,4.32
P28,585,4.01
P29,177,2.77
P30,383,1.73
P31,822,2.69
P32,241,3.15
P33,674,1.6
P34,352,1.4
P35,229,3.89
P36,786,2.33
P37,225,3.53
P38,507,4.36
P39,888,2.34
P40,788,4.91
P41,115,4.83
P42,31,2.38
P43,373,4.24
P44,896,3.79
P45,249,1.44
P46,445,4.86
P47,376,1.92
P48,51,1.71
P49,632,2.55
P50,242,2.15
P51,19,2.36
P52,539,1.18
P53,419,2.96
P54,20,2.48
P55,773,3.93
P56,728,4.55
P57,290,1.82
P58,360,2.88
P59,611,2.48
P60,943,2.64
P61,406,4.11
P62,950,3.79
P63,733,4.18
P64,731,3.23
P65,269,1.19
P66,474,4.18
P67,670,3.02
P68,415,3.52
P69,250,1.44
P70,255,2.41
P71,411,2.55
P72,194,4.93
P73,652,1.61
P74,197,1.62
P75,306,4.42
P76,39,2.46
P77,586,2.16
P78,793,2.43
P79,753,2.38
P80,826,4.41
P81,354,4.51
P82,143,3.5
P83,180,1.95
P84,299,1.13
P85,826,4.59
P86,904,3.97
P87,428,2.13
P88,329,4.93
P89,220,2.72
P90,138,2.77
P91,345,3.49
P92,135,2.4
P93,305,4.14
P94,585,2.84
P95,770,4.84
P96,791,3.43
P97,605,1.07
P98,778,4.2
P99,884,2.75
P100,820,4.72
P101,519,4.5
P102,116,1.51
P103,276,4.49
P104,161,4.17
P105,583,3.74
P106,420,1.22
P107,213,1.87
P108,573,3.99
P109,554,3.86
P110,264,1.32
P111,506,4.87
P112,170,3.15
P113,543,4.25
P114,755,1.34
P115,746,1.58
P116,964,3.01
P117,655,4.1
P118,466,2.72
P119,793,3.23
P120,951,2.2
P121,247,4.91
P122,364,3.64
P123,662,2.55
P124,480,2.23
P125,659,3.14
P126,527,4.71
P127,4,3.59
P128,297,3.27
P129,971,2.32
P130,308,4.66
P131,864,2.79
P132,265,2.24
P133,106,1.07
P134,70,1.58
P135,704,3.89
P136,792,3.72
P137,673,2.67
P138,14,1.17
P139,867,3.9
P140,699,3.64
P141,778,1.36
P142,787,3.35
P143,909,4.15
P144,148,2.24
P145,521,3.39
P146,772,1.06
P147,188,4.7
P148,629,1.61
P149,397,4.14
P150,615,3.65
P151,110,2.29
P152,145,3.6
P153,561,3.16
P154,213,3.06
P155,438,2.37
P156,646,3.07
P157,126,3.16
P158,307,1.84
P159,468,2.65
P160,740,4.03
P161,881,2.84
P162,277,2.1
P163,986,3.12
P164,312,1.99
P165,568,4.1
P166,224,1.47
P167,898,3.14
P168,390,1.93
P169,568,3.15
P170,648,2.49
P171,464,1.59
P172,165,4.61
P173,654,1.8
P174,856,3.99
P175,190,3.57
P176,50,3.19
P177,748,3.52
P178,201,4.52
P179,447,4.38
P180,361,4.63
P181,825,4.88
P182,133,1.23
P183,206,1.03
P184,869,4.83
P185,587,1.71
P186,558,3.79
P187,873,3.82
P188,175,1.55
P189,328,1.38
P190,915,4.8
P191,820,2.55
P192,934,2.15
P193,766,1.59
P194,259,3.24
P195,221,3.7
P196,292,1.34
P197,798,2.07
P198,177,2.87
P199,733,4.5
P200,541,3.15
P201,616,1.06
P202,185,2.18
P203,223,2.59
P204,151,2.33
P205,589,1.38
P206,663,3.46
P207,775,1.8
P208,608,4.11
P209,264,2.8
P210,733,1.94
P211,562,2.37
P212,967,3.39
P213,907,1.84
P214,125,1.51
P215,382,4.87
P216,851,4.72
P217,313,1.54
P218,334,4.06
P219,149,4.87
P220,234,1.65
P221,288,1.06
P222,85,2.54
P223,824,4.77
P224,6,1.48
P225,71,1.21
P226,426,2.05
P227,553,4.33
P228,191,4.97
P229,306,1.68
P230,581,1.34
P231,633,3.02
P232,258,4.03
P233,426,3.1
P234,70,2.3
P235,966,4.45
P236,676,1.98
P237,191,1.1
P238,49,4.58
P239,261,2.48
P240,240,1.56
P241,95,1.31
P242,417,1.78
P243,592,1.6
P244,279,1.62
P245,757,2.73
P246,732,4.99
P247,47,1.54
P248,275,3.81
P249,16,3.34
P250,121,1.75
P251,680,4.2
P252,6,2.28
P253,237,4.55
P254,731,3.87
P255,323,4.8
P256,136,1.47
P257,538,4.54
P258,925,4.82
P259,236,3.96
P260,705,2.88
P261,739,2.65
P262,177,1.16
P263,152,2.21
P264,991,3.21
P265,809,2.42
P266,478,4.55
P267,837,2.85
P268,621,4.97
P269,238,3.72
P270,197,4.34
P271,237,3.49
P272,402,1.74
P273,817,1.22
P274,767,3.27
P275,956,4.59
P276,670,1.22
P277,936,2.77
P278,681,1.45
P279,389,2.47
P280,11,4.18
P281,512,3.42
P282,137,4.09
P283,326,2.12
P284,534,3.74
P285,997,1.93
P286,232,3.18
P287,993,3.48
P288,180,2.03
P289,311,4.63
P290,332,1.8
P291,151,2.21
P292,871,3.69
P293,538,3.85
P294,375,2.54
P295,250,3.14
P296,508,3.7
P297,617,1.26
P298,386,1.32
P299,344,2.58
P300,152,2.44
P301,987,2.2
P302,455,1.75
P303,124,2.67
P304,714,4.38
P305,498,3.01
P306,366,4.92
P307,51,1.94
P308,411,4.25
P309,317,3.5
P310,542,2.69
P311,326,3.65
P312,499,1.43
P313,353,3.97
P314,55,1.1
P315,318,4.55
P316,841,2.41
P317,547,2.85
P318,478,2.04
P319,322,4.07
P320,502,3.36
P321,289,4.38
P322,738,1.24
P323,559,1.25
P324,121,1.47
P325,487,2.35
P326,957,4.03
P327,94,1.92
P328,643,1.09
P329,654,1.98
P330,414,1.27
P331,799,2.18
P332,629,4.72
P333,504,1.76
P334,91,3.42
P335,681,1.88
P336,810,2.14
P337,555,1.34
P338,141,1.12
P339,309,1.84
P340,406,2.35
P341,790,2.26
P342,451,3.1
P343,647,4.8
P344,407,3.82
P345,863,2.68
P346,878,1.74
P347,373,3.24
P348,89,2.07
P349,113,4.05
P350,729,2.89
P351,663,1.91
P352,787,1.85
P353,840,2.5
P354,19,4.27
P355,571,4.92
P356,102,1.88
P357,684,4.91
P358,163,3.51
P359,398,2.71
P360,384,2.83
P361,500,4.81
P362,546,4.35
P363,264,1.55
P364,794,4.0
P365,58,1.79
P366,519,1.04
P367,369,3.57
P368,333,2.4
P369,556,4.46
P370,885,1.06
P371,586,4.48
P372,712,4.12
P373,673,2.33
P374,767,2.27
P375,946,2.83
P376,724,4.67
P377,534,4.32
P378,98,1.51
P379,644,1.01
P380,845,4.57
P381,196,3.19
P382,911,1.11
P383,795,4.69
P384,111,4.68
P385,139,2.01
P386,541,3.95
P387,650,3.58
P388,872,4.4
P389,239,4.85
P390,599,2.66
P391,581,2.25
P392,786,3.91
P393,657,4.19
P394,170,1.04
P395,848,4.14
P396,769,3.4
P397,133,1.59
P398,946,2.06
P399,273,4.06
P400,387,2.8
P401,478,1.53
P402,876,2.72
P403,431,3.46
P404,154,1.18
P405,720,3.3
P406,835,3.82
P407,839,2.43
P408,450,4.89
P409,388,4.12
P410,595,1.99
P411,264,2.11
P412,399,2.54
P413,143,2.87
P414,414,1.08
P415,880,2.33
P416,318,2.57
P417,919,4.69
P418,627,4.55
P419,108,2.55
P420,436,3.61
P421,943,4.75
P422,712,1.08
P423,28,4.72
P424,423,2.66
P425,802,3.37
P426,534,3.75
P427,189,1.15
P428,172,4.68
P429,26,2.17
P430,929,3.89
P431,101,4.41
P432,704,3.6
P433,605,2.57
P434,793,3.98
P435,319,1.83
P436,31,2.16
P437,865,2.9
P438,903,1.79
P439,392,1.43
P440,967,3.83
P441,995,2.0
P442,974,3.83
P443,116,1.95
P444,832,3.08
P445,186,1.19
P446,813,2.77
P447,814,1.65
P448,781,1.28
P449,774,2.1
P450,675,4.47
P451,254,2.82
P452,41,4.82
P453,902,2.61
P454,422,3.1
P455,469,1.32
P456,706,3.22
P457,324,4.58
P458,824,2.18
P459,987,3.62
P460,204,2.92
P461,29,2.83
P462,907,4.79
P463,52,2.52
P464,821,3.77
P465,302,2.98
P466,307,4.94
P467,533,3.51
P468,651,3.07
P469,332,1.66
P470,119,2.95
P471,324,3.04
P472,632,1.92
P473,361,1.85
P474,635,3.14
P475,657,4.38
P476,297,1.1
P477,16,4.33
P478,963,3.8
P479,320,1.3
P480,391,2.01
P481,166,4.81
P482,917,1.88
P483,690,3.85
P484,503,3.57
P485,667,2.36
P486,857,1.07
P487,344,3.89
P488,187,4.54
P489,631,4.97
P490,638,2.22
P491,440,2.22
P492,179,4.64
P493,894,2.4
P494,583,3.67
P495,883,3.98
P496,805,4.62
P497,922,3.41
P498,239,1.61
P499,478,3.6
P500,707,4.65
P501,21,4.53
P502,176,2.7
P503,510,4.13
P504,339,3.5
P505,77,4.48
P506,390,4.76
P507,647,3.72
P508,999,3.71
P509,657,2.11
P510,701,3.44
P511,412,2.15
P512,166,3.98
P513,329,3.19
P514,241,1.58
P515,948,3.94
P516,85,1.49
P517,551,4.63
P518,676,1.47
P519,383,3.59
P520,647,1.25
P521,634,1.3
P522,665,3.73
P523,832,4.95
P524,99,1.52
P525,755,3.17
P526,939,1.81
P527,33,1.94
P528,261,2.65
P529,949,4.01
P530,581,2.22
P531,736,2.71
P532,153,1.57
P533,993,4.46
P534,697,4.52
P535,545,2.21
P536,751,4.3
P537,100,3.93
P538,331,3.76
P539,554,2.32
P540,659,1.64
P541,122,1.94
P542,256,4.48
P543,551,2.1
P544,43,1.53
P545,8,2.07
P546,198,3.25
P547,396,2.01
P548,489,1.3
P549,956,3.26
P550,90,2.65
P551,195,1.19
P552,144,3.19
P553,201,1.61
P554,918,4.1
P555,877,4.87
P556,528,4.44
P557,988,1.15
P558,151,4.9
P559,966,1.52
P560,367,4.05
P561,580,4.32
P562,367,3.12
P563,82,2.37
P564,924,3.32
P565,391,3.72
P566,343,2.97
P567,614,4.6
P568,211,4.26
P569,163,4.91
P570,100,2.25
P571,673,4.88
P572,905,4.82
P573,848,1.83
P574,832,3.41
P575,771,2.27
P576,185,2.11
P577,836,1.57
P578,569,4.69
P579,992,4.66
P580,86,2.6
P581,819,4.24
P582,600,2.32
P583,575,2.79
P584,957,3.07
P585,187,1.42
P586,431,2.85
P587,860,3.33
P588,72,4.44
P589,205,2.49
P590,7,2.15
P591,6,3.27
P592,818,3.39
P593,88,3.65
P594,478,4.98
P595,404,4.46
P596,382,2.35
P597,19,1.96
P598,156,3.0
P599,538,1.52
P600,564,4.09
P601,635,3.02
P602,714,1.77
P603,550,4.4
P604,991,2.67
P605,601,3.28
P606,260,2.17
P607,239,4.42
P608,795,4.0
P609,219,1.45
P610,143,3.79
P611,778,3.05
P612,377,4.75
P613,701,4.26
P614,38,3.62
P615,435,2.37
P616,34,4.22
P617,86,4.45
P618,421,1.39
P619,508,1.3
P620,535,4.48
P621,330,1.07
P622,371,4.56
P623,351,3.38
P624,440,4.47
P625,697,3.13
P626,872,1.99
P627,918,1.65
P628,527,3.4
P629,710,4.28
P630,67,4.01
P631,169,1.97
P632,538,3.55
P633,795,4.49
P634,292,2.76
P635,991,1.66
P636,587,4.6
P637,411,2.78
P638,845,2.39
P639,943,1.57
P640,895,4.08
P641,363,4.62
P642,967,1.08
P643,428,1.2
P644,653,3.08
P645,374,2.49
P646,331,3.96
P647,834,2.61
P648,901,2.37
P649,47,3.68
P650,297,1.6
P651,153,3.07
P652,17,1.8
P653,322,3.18
P654,1000,2.05
P655,721,2.07
P656,299,3.6
P657,68,1.57
P658,941,3.43
P659,134,1.77
P660,845,4.84
P661,705,3.19
P662,633,1.64
P663,283,3.11
P664,544,2.44
P665,110,1.07
P666,824,3.98
P667,381,2.28
P668,259,4.46
P669,555,2.25
P670,995,3.69
P671,297,4.78
P672,250,2.34
P673,726,2.72
P674,802,3.38
P675,971,1.76
P676,769,1.46
P677,67,2.52
P678,332,4.67
P679,607,1.69
P680,78,4.42
P681,687,1.1
P682,830,2.83
P683,882,3.87
P684,790,2.11
P685,915,1.32
P686,588,1.71
P687,7,3.55
P688,67,3.01
P689,584,1.25
P690,482,1.54
P691,46,4.7
P692,736,1.5
P693,120,4.26
P694,589,3.88
P695,689,2.61
P696,120,4.05
P697,233,3.99
P698,923,1.13
P699,248,2.22
P700,133,2.84
P701,240,4.69
P702,251,1.09
P703,327,1.09
P704,506,1.64
P705,846,1.38
P706,735,3.91
P707,66,3.32
P708,945,4.93
P709,357,4.19
P710,737,2.71
P711,351,2.76
P712,688,4.47
P713,491,1.76
P714,586,4.97
P715,799,2.57
P716,363,4.51
P717,599,4.89
P718,614,4.0
P719,419,3.05
P720,853,1.06
P721,392,4.19
P722,702,1.9
P723,326,4.8
P724,764,1.57
P725,549,2.5
P726,187,4.99
P727,331,1.65
P728,365,4.07
P729,767,1.92
P730,681,4.1
P731,9,3.22
P732,164,4.63
P733,113,4.12
P734,848,2.38
P735,936,3.61
P736,114,2.63
P737,2,1.07
P738,666,2.04
P739,443,1.07
P740,420,3.36
P741,672,4.67
P742,114,3.04
P743,46,2.46
P744,78,4.87
P745,13,2.84
P746,202,3.28
P747,505,2.41
P748,180,2.44
P749,476,2.62
P750,911,1.93
P751,869,4.15
P752,459,2.14
P753,545,3.82
P754,498,4.33
P755,892,2.81
P756,862,3.88
P757,717,2.44
P758,551,2.95
P759,140,1.7
P760,548,4.23
P761,777,4.66
P762,445,1.65
P763,665,1.21
P764,989,3.26
P765,823,3.31
P766,615,4.18
P767,106,4.01
P768,899,2.54
P769,753,4.22
P770,423,4.49
P771,126,4.8
P772,17,3.98
P773,377,2.98
P774,978,2.37
P775,409,2.44
P776,306,1.86
P777,568,1.44
P778,230,4.73
P779,375,4.14
P780,680,1.96
P781,783,1.41
P782,484,2.45
P783,138,2.22
P784,864,3.49
P785,825,2.38
P786,176,2.65
P787,967,4.61
P788,332,3.67
P789,138,4.11
P790,338,1.8
P791,159,4.17
P792,929,1.77
P793,912,1.68
P794,223,3.97
P795,185,1.42
P796,570,1.21
P797,5,2.3
P798,643,2.0
P799,918,1.07
P800,304,4.49
P801,300,1.62
P802,314,2.62
P803,387,4.38
P804,629,1.62
P805,914,2.63
P806,823,1.9
P807,334,1.59
P808,805,4.96
P809,504,2.57
P810,592,2.64
P811,994,4.73
P812,148,1.28
P813,263,2.04
P814,896,2.38
P815,794,4.72
P816,300,3.28
P817,907,4.16
P818,597,4.6
P819,688,2.45
P820,530,1.39
P821,109,3.91
P822,803,1.2
P823,996,3.02
P824,516,2.58
P825,709,1.51
P826,573,1.61
P827,64,4.06
P828,780,2.38
P829,551,4.27
P830,387,1.74
P831,773,2.55
P832,100,3.02
P833,878,1.13
P834,224,2.14
P835,973,4.75
P836,878,1.8
P837,116,3.42
P838,76,2.06
P839,561,1.31
P840,545,1.43
P841,366,2.21
P842,473,4.89
P843,67,4.81
P844,291,3.88
P845,239,2.7
P846,984,3.23
P847,877,1.84
P848,451,3.87
P849,785,2.74
P850,269,2.91
P851,306,2.79
P852,471,3.63
P853,769,2.9
P854,175,2.31
P855,522,3.85
P856,403,2.53
P857,420,4.76
P858,85,1.8
P859,93,3.58
P860,95,4.68
P861,409,4.71
P862,481,1.72
P863,114,4.83
P864,156,1.62
P865,816,4.53
P866,690,1.72
P867,665,4.89
P868,126,2.15
P869,127,2.7
P870,401,4.4
P871,590,4.06
P872,727,2.32
P873,905,3.52
P874,58,3.7
P875,902,4.06
P876,414,1.14
P877,488,3.96
P878,134,1.02
P879,495,3.31
P880,274,2.78
P881,534,2.14
P882,17,3.17
P883,220,3.61
P884,221,2.17
P885,185,4.82
P886,145,4.5
P887,685,3.84
P888,881,2.14
P889,994,2.65
P890,823,1.66
P891,580,1.58
P892,54,1.03
P893,217,2.22
P894,85,4.96
P895,180,4.34
P896,934,4.95
P897,600,1.96
P898,978,4.04
P899,654,3.05
P900,315,4.17
P901,173,1.57
P902,862,3.13
P903,512,3.79
P904,738,2.71
P905,114,4.36
P906,230,4.76
P907,661,3.83
P908,523,1.03
P909,924,4.76
P910,994,3.37
P911,350,4.35
P912,172,3.56
P913,413,3.71
P914,393,1.1
P915,700,4.95
P916,146,4.68
P917,617,4.38
P918,349,3.82
P919,767,4.65
P920,506,4.43
P921,347,4.95
P922,869,1.9
P923,372,4.61
P924,813,2.88
P925,441,2.79
P926,703,1.64
P927,950,1.49
P928,149,1.9
P929,342,2.24
P930,538,4.52
P931,559,3.33
P932,703,3.76
P933,225,3.02
P934,440,3.36
P935,191,3.67
P936,318,3.56
P937,39,4.64
P938,497,4.61
P939,282,1.84
P940,495,3.15
P941,293,4.4
P942,883,2.25
P943,487,4.03
P944,787,4.04
P945,140,3.53
P946,375,3.75
P947,932,4.7
P948,773,3.41
P949,265,3.27
P950,991,3.83
P951,448,1.27
P952,287,4.41
P953,550,4.8
P954,476,2.47
P955,574,4.61
P956,502,4.11
P957,763,3.66
P958,521,1.89
P959,224,2.48
P960,492,1.07
P961,17,1.81
P962,784,3.96
P963,209,3.0
P964,764,2.35
P965,214,3.9
P966,942,1.01
P967,912,2.11
P968,387,2.04
P969,251,1.67
P970,383,3.23
P971,92,2.84
P972,283,3.63
P973,139,1.35
P974,458,4.53
P975,652,1.54
P976,709,4.95
P977,583,2.24
P978,675,4.31
P979,254,1.67
P980,562,3.96
P981,546,1.14
P982,716,3.02
P983,375,3.19
P984,930,4.37
P985,486,2.36
P986,492,2.78
P987,607,3.17
P988,741,1.63
P989,818,3.33
P990,614,4.6
P991,381,4.19
P992,578,3.11
P993,226,1.78
P994,615,4.95
P995,514,1.98
P996,7,2.32
P997,111,1.26
P998,199,1.1
P999,520,2.86
P1000,72,4.75
P1001,366,1.66
P1002,815,1.64
P1003,796,2.56
P1004,64,4.4
P1005,580,3.95
P1006,390,4.92
P1007,781,4.06
P1008,2,2.6
P1009,647,3.0
P1010,358,3.88
P1011,684,1.86
P1012,189,2.38
P1013,482,2.0
P1014,648,4.19
P1015,137,2.57
P1016,692,4.31
P1017,365,3.64
P1018,779,2.94
P1019,344,2.94
P1020,904,2.35
P1021,98,2.6
P1022,675,2.56
P1023,986,2.24
P1024,789,2.87
P1025,625,1.08
P1026,816,2.66
P1027,619,2.3
P1028,382,4.29
P1029,271,4.34
P1030,227,4.51
P1031,645,3.46
P1032,909,2.42
P1033,495,4.59
P1034,131,4.05
P1035,447,4.36
P1036,546,1.93
P1037,216,2.91
P1038,261,1.83
P1039,789,1.5
P1040,163,3.08
P1041,233,3.02
P1042,191,4.14
P1043,449,1.69
P1044,786,1.37
P1045,754,2.09
P1046,936,2.27
P1047,410,3.05
P1048,851,1.81
P1049,843,1.23
P1050,901,3.03
P1051,683,3.3
P1052,709,3.53
P1053,206,1.6
P1054,435,1.58
P1055,782,3.82
P1056,809,3.91
P1057,813,2.22
P1058,530,2.07
P1059,692,1.2
P1060,573,2.58
P1061,530,2.31
P1062,634,2.49
P1063,634,4.42
P1064,768,1.01
P1065,348,3.81
P1066,977,1.96
P1067,509,4.06
P1068,309,4.34
P1069,414,4.39
P1070,413,2.02
P1071,929,1.57
P1072,619,4.01
P1073,974,2.28
P1074,167,3.2
P1075,551,4.85
P1076,871,3.66
P1077,616,4.9
P1078,245,1.57
P1079,199,1.12
P1080,274,1.6
P1081,261,1.83
P1082,544,3.81
P1083,884,3.93
P1084,628,2.52
P1085,313,3.28
P1086,908,2.49
P1087,746,3.79
P1088,849,4.85
P1089,292,4.14
P1090,514,1.05
P1091,18,1.24
P1092,214,3.57
P1093,769,2.4
P1094,607,2.1
P1095,899,1.91
P1096,368,1.19
P1097,54,4.32
P1098,437,2.61
P1099,561,1.36
P1100,954,1.07
P1101,525,2.65
P1102,999,4.5
P1103,475,1.06
P1104,538,1.14
P1105,276,4.75
P1106,78,1.83
P1107,436,4.23
P1108,224,1.89
P1109,246,2.99
P1110,728,4.21
P1111,638,1.24
P1112,354,4.35
P1113,832,3.93
P1114,328,4.27
P1115,939,3.99
P1116,288,3.23
P1117,128,3.24
P1118,900,2.04
P1119,144,3.99
P1120,420,4.19
P1121,203,4.8
P1122,882,2.05
P1123,757,3.8
P1124,646,2.24
P1125,475,1.75
P1126,144,4.3
P1127,924,4.26
P1128,451,3.11
P1129,429,4.61
P1130,122,3.16
P1131,174,4.8
P1132,655,1.61
P1133,901,2.37
P1134,236,1.05
P1135,150,2.65
P1136,937,2.79
P1137,46,1.69
P1138,995,4.58
P1139,776,3.89
P1140,762,2.71
P1141,578,2.94
P1142,437,3.44
P1143,736,4.01
P1144,610,4.73
P1145,479,1.52
P1146,757,3.32
P1147,646,4.44
P1148,945,2.57
P1149,422,1.12
P1150,10,3.61
P1151,498,3.87
P1152,903,4.91
P1153,850,4.8
P1154,931,4.58
P1155,588,2.95
P1156,112,2.82
P1157,159,1.81
P1158,210,3.04
P1159,768,3.49
P1160,718,1.44
P1161,467,2.4
P1162,754,4.81
P1163,806,2.36
P1164,310,1.1
P1165,1,2.59
P1166,141,2.74
P1167,565,4.93
P1168,92,2.22
P1169,994,1.09
P1170,625,1.43
P1171,28,2.28
P1172,337,4.04
P1173,599,3.43
P1174,337,4.34
P1175,860,1.73
P1176,657,1.89
P1177,72,2.29
P1178,636,1.59
P1179,563,1.55
P1180,995,1.64
P1181,813,4.04
P1182,925,1.27
P1183,691,1.09
P1184,431,4.28
P1185,18,2.88
P1186,619,4.1
P1187,541,1.15
P1188,341,3.03
P1189,77,3.36
P1190,667,4.32
P1191,220,2.52
P1192,275,2.27
P1193,644,2.31
P1194,107,2.12
P1195,86,3.64
P1196,213,1.52
P1197,123,4.06
P1198,705,4.95
P1199,752,3.18
P1200,392,3.94
P1201,209,3.48
P1202,600,3.29
P1203,317,4.06
P1204,846,3.76
P1205,241,2.47
P1206,510,4.29
P1207,239,2.73
P1208,37,4.29
P1209,179,1.15
P1210,136,1.91
P1211,652,4.71
P1212,892,4.42
P1213,788,2.87
P1214,659,2.94
P1215,463,4.59
P1216,891,2.66
P1217,348,4.13
P1218,90,4.03
P1219,724,3.29
P1220,684,3.93
P1221,572,3.94
P1222,71,2.93
P1223,668,1.7
P1224,577,4.05
P1225,876,3.13
P1226,144,2.39
P1227,10,4.97
P1228,763,4.04
P1229,936,2.45
P1230,365,3.16
P1231,250,1.42
P1232,890,1.49
P1233,421,2.09
P1234,96,3.14
P1235,976,1.93
P1236,353,2.76
P1237,344,1.42
P1238,823,4.87
P1239,821,2.49
P1240,934,2.69
P1241,205,4.0
P1242,562,2.07
P1243,218,4.38
P1244,887,3.71
P1245,356,2.56
P1246,449,2.18
P1247,500,3.9
P1248,805,4.62
P1249,386,2.34
P1250,209,2.97
P1251,927,2.46
P1252,570,4.5
P1253,643,1.69
P1254,955,3.71
P1255,577,3.81
P1256,390,2.5
P1257,786,2.04
P1258,5,4.86
P1259,385,4.11
P1260,840,4.44
P1261,522,4.26
P1262,945,4.23
P1263,923,2.72
P1264,48,3.98
P1265,620,3.55
P1266,115,1.35
P1267,967,1.68
P1268,948,3.35
P1269,758,1.18
P1270,167,3.62
P1271,294,3.25
P1272,971,3.49
P1273,166,1.36
P1274,298,4.45
P1275,209,4.15
P1276,348,3.08
P1277,793,2.71
P1278,361,1.7
P1279,259,3.21
P1280,786,2.14
P1281,586,4.79
P1282,601,1.12
P1283,357,2.22
P1284,880,4.24
P1285,705,3.87
P1286,69,4.09
P1287,325,3.09
P1288,953,4.02
P1289,358,1.59
P1290,153,2.66
P1291,140,3.46
P1292,274,1.27
P1293,612,2.71
P1294,193,2.59
P1295,488,4.5
P1296,941,4.0
P1297,170,3.15
P1298,664,4.69
P1299,848,1.61
P1300,621,4.73
P1301,957,3.11
P1302,708,3.91
P1303,782,4.59
P1304,950,1.63
P1305,129,1.42
P1306,545,4.24
P1307,520,4.97
P1308,760,2.72
P1309,541,3.41
P1310,715,4.16
P1311,246,3.35
P1312,304,3.92
P1313,615,3.11
P1314,410,1.52
P1315,678,1.75
P1316,324,2.75
P1317,673,4.85
P1318,202,1.09
P1319,117,1.59
P1320,886,1.02
P1321,276,3.74
P1322,390,4.87
P1323,576,1.29
P1324,553,2.15
P1325,42,2.4
P1326,167,1.68
P1327,567,3.41
P1328,79,3.36
P1329,554,3.97
P1330,713,2.44
P1331,813,3.89
P1332,207,2.04
P1333,859,1.36
P1334,758,4.76
P1335,631,4.47
P1336,502,2.86
P1337,296,4.52
P1338,319,2.25
P1339,62,2.78
P1340,906,2.02
P1341,875,1.24
P1342,636,4.52
P1343,647,4.39
P1344,205,2.56
P1345,361,3.86
P1346,688,3.48
P1347,53,3.58
P1348,448,4.26
P1349,996,4.96
P1350,665,1.28
P1351,236,4.54
P1352,444,3.09
P1353,179,4.36
P1354,721,4.95
P1355,94,1.89
P1356,211,2.86
P1357,936,3.41
P1358,196,2.3
P1359,70,3.08
P1360,185,1.51
P1361,616,1.47
P1362,804,4.8
P1363,180,1.11
P1364,473,4.03
P1365,911,5.0
P1366,108,2.3
P1367,323,1.08
P1368,589,4.73
P1369,324,4.87
P1370,450,4.25
P1371,765,4.0
P1372,290,2.41
P1373,280,1.13
P1374,452,3.21
P1375,526,2.32
P1376,679,3.44
P1377,558,1.49
P1378,173,1.95
P1379,11,3.61
P1380,432,2.74
P1381,571,3.3
P1382,466,1.35
P1383,877,2.72
P1384,123,3.66
P1385,70,2.1
P1386,920,4.15
P1387,323,1.11
P1388,195,2.66
P1389,515,3.58
P1390,809,4.81
P1391,912,3.64
P1392,330,1.12
P1393,113,4.34
P1394,78,1.61
P1395,150,3.99
P1396,222,4.36
P1397,942,4.96
P1398,2,3.55
P1399,210,1.01
P1400,462,3.27
P1401,66,4.06
P1402,378,1.12
P1403,822,2.78
P1404,509,4.71
P1405,627,2.24
P1406,504,4.12
P1407,537,1.95
P1408,548,2.3
P1409,31,1.97
P1410,246,4.19
P1411,759,3.17
P1412,794,4.45
P1413,761,3.12
P1414,427,2.02
P1415,692,3.22
P1416,346,2.81
P1417,792,4.32
P1418,230,1.29
P1419,852,2.32
P1420,170,3.44
P1421,423,3.06
P1422,652,4.71
P1423,651,4.74
P1424,184,3.75
P1425,204,1.59
P1426,827,1.13
P1427,411,1.13
P1428,775,2.94
P1429,687,4.11
P1430,631,3.61
P1431,272,4.0
P1432,208,4.5
P1433,503,4.54
P1434,386,3.37
P1435,53,4.73
P1436,262,3.64
P1437,937,4.54
P1438,332,2.08
P1439,609,1.32
P1440,374,2.12
P1441,529,1.94
P1442,590,4.46
P1443,369,3.1
P1444,190,4.78
P1445,380,1.14
P1446,788,4.23
P1447,445,1.58
P1448,144,3.5
P1449,61,4.04
P1450,104,4.82
P1451,579,2.84
P1452,707,4.07
P1453,971,1.84
P1454,253,4.05
P1455,428,4.42
P1456,211,3.76
P1457,699,2.58
P1458,985,3.35
P1459,297,1.94
P1460,28,1.78
P1461,605,4.67
P1462,160,3.31
P1463,508,4.84
P1464,316,3.3
P1465,420,3.59
P1466,571,4.39
P1467,787,3.39
P1468,477,3.72
P1469,204,1.96
P1470,8,2.15
P1471,100,4.89
P1472,610,1.22
P1473,774,3.83
P1474,284,4.52
P1475,703,4.03
P1476,681,4.63
P1477,636,2.56
P1478,914,2.25
P1479,174,1.46
P1480,430,4.47
P1481,469,1.41
P1482,964,2.11
P1483,980,3.95
P1484,699,1.22
P1485,709,1.86
P1486,850,4.86
P1487,491,1.64
P1488,481,3.54
P1489,570,1.13
P1490,528,1.34
P1491,131,1.88
P1492,670,3.17
P1493,987,1.1
P1494,546,3.82
P1495,168,2.05
P1496,260,2.66
P1497,686,4.25
P1498,541,3.07
P1499,707,3.54
P1500,316,1.05
P1501,465,4.15
P1502,38,1.83
P1503,164,2.29
P1504,273,3.1
P1505,13,2.67
P1506,139,1.24
P1507,270,1.78
P1508,891,3.76
P1509,465,1.93
P1510,119,1.25
P1511,405,2.9
P1512,89,1.49
P1513,489,2.93
P1514,609,4.4
P1515,514,2.59
P1516,177,4.69
P1517,215,2.74
P1518,356,1.83
P1519,404,2.98
P1520,676,1.88
P1521,695,3.22
P1522,974,1.33
P1523,402,2.26
P1524,45,1.44
P1525,598,3.77
P1526,634,4.43
P1527,589,4.68
P1528,969,2.66
P1529,902,1.48
P1530,573,2.59
P1531,951,1.67
P1532,831,2.53
P1533,879,1.52
P1534,196,1.46
P1535,331,3.64
P1536,62,1.12
P1537,739,2.75
P1538,467,3.74
P1539,634,3.9
P1540,839,3.09
P1541,992,1.11
P1542,132,2.93
P1543,265,3.35
P1544,674,1.08
P1545,94,2.21
P1546,912,2.15
P1547,763,3.52
P1548,847,2.39
P1549,946,4.43
P1550,444,3.17
P1551,354,2.05
P1552,206,1.33
P1553,139,4.18
P1554,398,3.18
P1555,699,4.75
P1556,906,2.22
P1557,332,2.21
P1558,998,3.31
P1559,866,1.27
P1560,640,4.83
P1561,826,3.99
P1562,557,3.32
P1563,637,4.29
P1564,559,2.09
P1565,285,3.66
P1566,63,2.29
P1567,298,4.44
P1568,1,1.28
P1569,868,4.66
P1570,441,2.36
P1571,62,3.88
P1572,15,3.37
P1573,994,3.13
P1574,19,1.71
P1575,746,3.15
P1576,244,1.34
P1577,139,1.4
P1578,278,4.48
P1579,132,3.87
P1580,176,3.43
P1581,754,4.68
P1582,567,2.28
P1583,652,1.62
P1584,376,4.93
P1585,228,4.51
P1586,427,1.88
P1587,322,2.83
P1588,759,1.69
P1589,56,3.3
P1590,881,3.93
P1591,933,1.43
P1592,393,4.79
P1593,338,1.28
P1594,712,4.91
P1595,629,3.04
P1596,307,3.24
P1597,631,1.07
P1598,654,2.65
P1599,508,1.98
P1600,339,2.4
P1601,9,4.97
P1602,574,3.69
P1603,110,2.23
P1604,501,2.47
P1605,425,4.26
P1606,713,1.66
P1607,464,2.14
P1608,172,1.66
P1609,169,4.55
P1610,998,3.03
P1611,269,2.41
P1612,899,2.1
P1613,403,2.67
P1614,324,2.06
P1615,739,2.39
P1616,511,4.36
P1617,780,4.98
P1618,439,3.59
P1619,663,3.97
P1620,543,2.97
P1621,197,2.14
P1622,55,2.87
P1623,710,3.38
P1624,846,4.78
P1625,430,4.03
P1626,27,3.36
P1627,68,2.86
P1628,617,4.74
P1629,165,3.25
P1630,934,1.27
P1631,697,4.1
P1632,258,2.69
P1633,991,2.65
P1634,254,2.83
P1635,483,4.87
P1636,414,4.97
P1637,292,1.18
P1638,294,4.08
P1639,402,4.43
P1640,367,2.01
P1641,191,1.61
P1642,556,3.88
P1643,589,2.39
P1644,849,2.35
P1645,45,1.79
P1646,534,3.77
P1647,930,4.52
P1648,641,2.95
P1649,878,3.86
P1650,280,2.77
P1651,887,1.29
P1652,495,4.94
P1653,958,2.94
P1654,524,2.45
P1655,606,2.8
P1656,860,1.62
P1657,669,2.39
P1658,516,2.17
P1659,942,4.46
P1660,895,1.84
P1661,744,4.25
P1662,568,1.92
P1663,65,3.5
P1664,491,2.03
P1665,860,4.43
P1666,618,3.15
P1667,798,4.45
P1668,513,1.37
P1669,628,3.87
P1670,854,4.02
P1671,639,2.41
P1672,57,2.58
P1673,293,3.41
P1674,35,3.18
P1675,952,2.61
P1676,394,1.5
P1677,883,4.05
P1678,434,3.39
P1679,159,4.44
P1680,836,4.3
P1681,447,3.64
P1682,736,1.17
P1683,764,3.68
P1684,331,1.23
P1685,81,2.35
P1686,83,2.02
P1687,984,2.41
P1688,624,1.2
P1689,975,4.21
P1690,409,2.56
P1691,603,4.36
P1692,232,4.49
P1693,652,3.64
P1694,606,4.04
P1695,226,1.62
P1696,763,1.94
P1697,152,2.15
P1698,86,3.96
P1699,560,1.34
P1700,713,3.85
P1701,724,3.15
P1702,741,1.15
P1703,9,4.2
P1704,173,1.12
P1705,284,1.28
P1706,704,3.44
P1707,201,2.65
P1708,343,2.29
P1709,223,4.23
P1710,716,3.16
P1711,764,4.23
P1712,304,3.72
P1713,196,1.34
P1714,951,1.54
P1715,240,4.58
P1716,432,3.7
P1717,360,3.23
P1718,827,1.36
P1719,476,2.5
P1720,362,1.29
P1721,44,1.7
P1722,639,3.8
P1723,126,3.12
P1724,299,4.75
P1725,988,3.27
P1726,923,3.97
P1727,318,3.66
P1728,657,2.65
P1729,113,1.58
P1730,602,3.52
P1731,197,4.67
P1732,827,2.25
P1733,704,1.2
P1734,642,3.02
P1735,346,2.05
P1736,416,4.55
P1737,128,2.53
P1738,783,4.05
P1739,651,1.65
P1740,481,2.02
P1741,76,3.21
P1742,861,3.97
P1743,198,1.0
P1744,486,4.03
P1745,240,1.43
P1746,616,1.48
P1747,959,2.16
P1748,753,4.12
P1749,760,1.06
P1750,653,2.2
P1751,482,3.65
P1752,286,4.99
P1753,45,3.9
P1754,186,4.13
P1755,132,1.39
P1756,335,4.83
P1757,604,1.07
P1758,151,1.98
P1759,805,2.76
P1760,881,4.18
P1761,448,2.63
P1762,647,1.24
P1763,426,2.09
P1764,202,1.68
P1765,827,4.26
P1766,397,3.5
P1767,270,2.36
P1768,771,4.51
P1769,704,3.98
P1770,677,3.71
P1771,532,1.73
P1772,788,1.32
P1773,206,4.38
P1774,459,1.11
P1775,209,2.33
P1776,518,4.64
P1777,367,1.12
P1778,41,4.23
P1779,722,1.66
P1780,331,3.84
P1781,354,4.16
P1782,776,1.02
P1783,777,4.86
P1784,132,3.48
P1785,104,2.07
P1786,698,3.55
P1787,125,1.55
P1788,219,4.28
P1789,777,2.25
P1790,719,2.96
P1791,175,1.83
P1792,736,2.91
P1793,116,1.58
P1794,763,4.85
P1795,501,2.59
P1796,308,3.36
P1797,826,2.96
P1798,195,2.47
P1799,920,1.53
P1800,472,4.44
P1801,556,1.11
P1802,451,3.04
P1803,704,4.07
P1804,619,2.32
P1805,782,4.74
P1806,178,2.73
P1807,981,1.72
P1808,347,2.8
P1809,752,3.68
P1810,269,2.03
P1811,298,3.48
P1812,512,2.99
P1813,602,3.3
P1814,823,1.28
P1815,179,3.3
P1816,323,1.72
P1817,627,2.65
P1818,787,2.94
P1819,837,1.67
P1820,707,1.68
P1821,719,1.81
P1822,562,1.7
P1823,288,2.55
P1824,449,4.52
P1825,252,4.13
P1826,422,3.08
P1827,33,2.13
P1828,529,3.33
P1829,195,1.45
P1830,237,1.35
P1831,35,2.67
P1832,709,1.4
P1833,691,2.48
P1834,884,3.79
P1835,823,4.87
P1836,239,3.16
P1837,217,2.84
P1838,463,2.16
P1839,990,2.8
P1840,352,3.94
P1841,466,3.0
P1842,510,4.6
P1843,355,1.04
P1844,654,1.23
P1845,885,2.33
P1846,256,1.96
P1847,943,4.94
P1848,714,3.96
P1849,729,4.15
P1850,847,4.71
P1851,883,3.17
P1852,408,1.56
P1853,381,3.67
P1854,930,4.09
P1855,189,3.55
P1856,422,3.31
P1857,878,3.46
P1858,173,1.64
P1859,467,3.11
P1860,227,1.56
P1861,577,2.65
P1862,612,3.52
P1863,914,1.2
P1864,684,3.14
P1865,984,4.55
P1866,417,4.44
P1867,609,3.09
P1868,254,4.29
P1869,179,3.18
P1870,433,3.75
P1871,986,3.0
P1872,781,1.33
P1873,166,4.48
P1874,787,2.9
P1875,930,4.21
P1876,566,3.12
P1877,805,4.63
P1878,938,1.29
P1879,500,3.81
P1880,955,4.59
P1881,991,3.31
P1882,855,1.35
P1883,895,3.95
P1884,380,3.06
P1885,905,4.48
P1886,709,3.04
P1887,650,4.89
P1888,838,3.39
P1889,805,2.51
P1890,586,2.81
P1891,510,3.02
P1892,811,2.54
P1893,435,2.17
P1894,761,1.35
P1895,85,3.93
P1896,618,4.5
P1897,868,2.89
P1898,902,1.37
P1899,431,4.44
P1900,544,4.3
P1901,887,2.99
P1902,932,2.6
P1903,341,3.91
P1904,532,1.81
P1905,598,3.92
P1906,936,2.2
P1907,887,4.47
P1908,966,3.93
P1909,147,3.66
P1910,166,2.85
P1911,742,1.78
P1912,840,4.71
P1913,854,4.32
P1914,320,3.03
P1915,54,3.55
P1916,302,3.69
P1917,401,2.97
P1918,751,4.83
P1919,3,3.21
P1920,594,1.89
P1921,279,2.25
P1922,806,3.65
P1923,668,3.4
P1924,556,3.69
P1925,283,2.51
P1926,972,2.03
P1927,752,2.52
P1928,576,2.22
P1929,600,1.46
P1930,499,3.59
P1931,530,3.02
P1932,619,2.86
P1933,726,3.04
P1934,736,1.23
P1935,336,3.28
P1936,585,4.99
P1937,375,2.87
P1938,365,2.51
P1939,940,4.08
P1940,402,3.73
P1941,850,1.95
P1942,701,3.24
P1943,589,3.24
P1944,639,3.81
P1945,420,3.51
P1946,150,2.9
P1947,624,2.03
P1948,318,2.91
P1949,642,4.47
P1950,169,3.48
P1951,512,3.86
P1952,408,4.89
P1953,628,4.28
P1954,95,4.36
P1955,264,3.3
P1956,315,2.85
P1957,227,3.01
P1958,764,4.91
P1959,545,2.18
P1960,826,1.74
P1961,232,1.19
P1962,723,4.28
P1963,480,1.65
P1964,500,3.76
P1965,547,4.51
P1966,747,1.55
P1967,557,4.98
P1968,954,4.04
P1969,578,1.95
P1970,540,3.16
P1971,401,2.52
P1972,562,1.45
P1973,631,1.52
P1974,211,3.14
P1975,857,4.9
P1976,555,2.45
P1977,301,3.34
P1978,896,3.32
P1979,969,4.67
P1980,869,3.89
P1981,672,3.07
P1982,331,2.1
P1983,573,2.11
P1984,43,1.57
P1985,500,2.63
P1986,48,1.83
P1987,248,1.06
P1988,151,4.6
P1989,787,1.0
P1990,1,3.24
P1991,200,4.28
P1992,86,4.57
P1993,932,4.45
P1994,250,3.62
P1995,651,1.09
P1996,462,1.22
P1997,564,1.79
P1998,344,4.07
P1999,805,2.3
P2000,372,1.36
P2001,627,3.29
P2002,345,4.33
P2003,620,3.25
P2004,830,3.87
P2005,853,2.09
P2006,686,3.19
P2007,368,1.02
P2008,610,3.64
P2009,128,1.65
P2010,53,3.47
P2011,162,4.89
P2012,548,3.88
P2013,123,2.24
P2014,467,3.27
P2015,516,3.32
P2016,992,4.84
P2017,173,2.13
P2018,965,4.29
P2019,637,4.4
P2020,243,2.15
P2021,289,3.45
P2022,337,4.28
P2023,448,1.13
P2024,624,3.35
P2025,143,2.65
P2026,950,4.08
P2027,679,4.9
P2028,254,1.72
P2029,971,4.55
P2030,527,1.27
P2031,959,3.45
P2032,687,2.75
P2033,129,4.15
P2034,63,2.71
P2035,332,1.1
P2036,314,3.36
P2037,270,2.44
P2038,334,1.52
P2039,779,4.81
P2040,217,3.48
P2041,110,1.42
P2042,436,2.42
P2043,315,2.51
P2044,310,3.54
P2045,94,3.02
P2046,290,4.79
P2047,764,3.82
P2048,283,3.73
P2049,266,2.19
P2050,26,4.19
P2051,112,2.04
P2052,68,1.85
P2053,941,2.54
P2054,756,4.77
P2055,346,4.87
P2056,653,4.29
P2057,162,3.19
P2058,74,3.99
P2059,455,2.34
P2060,869,2.47
P2061,217,2.08
P2062,328,1.67
P2063,814,1.35
P2064,434,3.67
P2065,808,2.5
P2066,986,3.26
P2067,797,3.31
P2068,331,2.73
P2069,839,2.01
P2070,566,3.55
P2071,989,4.63
P2072,572,3.35
P2073,579,4.95
P2074,853,3.54
P2075,130,4.95
P2076,647,4.2
P2077,505,1.77
P2078,950,2.19
P2079,56,1.68
P2080,709,4.2
P2081,520,1.28
P2082,571,2.33
P2083,276,1.09
P2084,837,4.8
P2085,43,4.86
P2086,553,3.78
P2087,546,3.0
P2088,779,4.69
P2089,172,4.84
P2090,295,4.7
P2091,844,1.78
P2092,496,4.17
P2093,621,4.89
P2094,189,2.53
P2095,499,4.72
P2096,458,2.33
P2097,598,4.34
P2098,19,4.18
P2099,485,2.23
P2100,943,2.46
P2101,266,1.06
P2102,728,3.08
P2103,12,2.94
P2104,163,3.97
P2105,527,2.66
P2106,450,1.64
P2107,40,1.08
P2108,270,4.14
P2109,747,3.31
P2110,221,2.97
P2111,529,2.57
P2112,956,4.21
P2113,80,4.43
P2114,705,1.49
P2115,776,2.03
P2116,73,3.87
P2117,335,3.62
P2118,727,3.56
P2119,572,1.92
P2120,288,2.7
P2121,185,1.89
P2122,309,3.53
P2123,376,3.65
P2124,403,1.0
P2125,605,2.4
P2126,961,3.72
P2127,33,1.39
P2128,972,3.59
P2129,282,4.97
P2130,842,4.61
P2131,322,1.8
P2132,129,3.62
P2133,796,2.8
P2134,474,2.25
P2135,667,2.22
P2136,787,4.99
P2137,210,3.52
P2138,124,2.75
P2139,905,3.35
P2140,229,2.31
P2141,136,2.18
P2142,893,2.7
P2143,987,4.34
P2144,725,2.75
P2145,763,2.87
P2146,471,2.02
P2147,40,2.93
P2148,461,4.07
P2149,650,4.81
P2150,495,4.06
P2151,40,1.78
P2152,978,1.76
P2153,251,4.95
P2154,863,1.67
P2155,687,1.82
P2156,413,3.49
P2157,453,3.42
P2158,535,2.89
P2159,987,1.2
P2160,680,4.85
P2161,578,1.66
P2162,539,4.56
P2163,546,4.13
P2164,438,1.35
P2165,765,2.61
P2166,904,4.95
P2167,297,2.49
P2168,908,2.96
P2169,207,4.59
P2170,419,1.23
P2171,164,2.84
P2172,931,2.59
P2173,369,4.21
P2174,848,2.67
P2175,57,2.33
P2176,623,1.92
P2177,42,2.77
P2178,386,3.2
P2179,113,3.34
P2180,510,4.54
P2181,275,2.03
P2182,191,4.21
P2183,872,1.52
P2184,764,1.53
P2185,314,1.9
P2186,200,4.76
P2187,579,3.33
P2188,650,4.35
P2189,54,2.84
P2190,141,3.64
P2191,6,2.05
P2192,616,3.13
P2193,239,4.85
P2194,771,4.98
P2195,179,4.39
P2196,482,4.92
P2197,690,4.18
P2198,826,3.12
P2199,663,2.27
P2200,15,2.74
P2201,729,4.1
P2202,854,3.34
P2203,926,2.02
P2204,883,4.78
P2205,723,4.2
P2206,416,3.4
P2207,479,4.58
P2208,157,3.17
P2209,825,3.36
P2210,50,3.91
P2211,867,1.68
P2212,180,2.83
P2213,921,1.69
P2214,548,1.76
P2215,816,3.16
P2216,810,4.15
P2217,288,1.57
P2218,868,4.58
P2219,87,3.19
P2220,26,2.55
P2221,307,4.65
P2222,14,3.9
P2223,41,1.03
P2224,496,2.0
P2225,480,4.88
P2226,22,4.15
P2227,993,2.76
P2228,225,1.67
P2229,224,3.11
P2230,40,2.28
P2231,91,4.29
P2232,892,1.3
P2233,156,1.51
P2234,667,1.58
P2235,25,2.75
P2236,523,1.62
P2237,694,1.12
P2238,775,1.2
P2239,239,3.97
P2240,611,2.19
P2241,330,3.44
P2242,341,2.06
P2243,49,1.17
P2244,865,1.02
P2245,503,4.65
P2246,324,2.73
P2247,775,2.44
P2248,166,1.54
P2249,537,3.75
P2250,222,1.71
P2251,404,3.52
P2252,312,3.08
P2253,676,3.55
P2254,981,1.21
P2255,333,4.13
P2256,474,1.4
P2257,831,2.19
P2258,400,3.33
P2259,803,2.16
P2260,39,3.6
P2261,214,3.47
P2262,600,3.12
P2263,285,1.89
P2264,958,4.91
P2265,506,1.1
P2266,97,3.1
P2267,496,3.07
P2268,101,1.76
P2269,935,3.01
P2270,123,2.54
P2271,531,2.07
P2272,452,2.29
P2273,916,4.83
P2274,904,4.11
P2275,641,4.52
P2276,9,2.44
P2277,889,1.12
P2278,955,2.78
P2279,7,1.16
P2280,224,3.4
P2281,896,3.81
P2282,685,2.41
P2283,941,1.12
P2284,634,4.65
P2285,300,3.75
P2286,363,2.11
P2287,796,1.11
P2288,961,3.93
P2289,150,4.56
P2290,522,2.24
P2291,804,3.9
P2292,257,2.01
P2293,489,3.89
P2294,790,2.01
P2295,308,1.63
P2296,863,1.11
P2297,987,2.56
P2298,60,2.36
P2299,228,4.12
P2300,83,1.33
P2301,63,1.21
P2302,710,2.66
P2303,488,3.97
P2304,168,2.82
P2305,369,1.12
P2306,457,1.5
P2307,522,3.66
P2308,681,4.04
P2309,579,1.72
P2310,498,1.42
P2311,764,1.48
P2312,849,3.28
P2313,21,3.64
P2314,913,2.96
P2315,993,4.79
P2316,323,1.36
P2317,948,4.85
P2318,376,2.54
P2319,137,4.68
P2320,734,3.23
P2321,947,1.22
P2322,292,4.33
P2323,413,1.14
P2324,520,3.32
P2325,755,1.93
P2326,411,2.03
P2327,816,4.32
P2328,330,3.23
P2329,73,3.47
P2330,688,4.64
P2331,978,2.1
P2332,132,4.54
P2333,361,4.73
P2334,281,1.95
P2335,861,3.0
P2336,895,1.11
P2337,366,3.45
P2338,952,1.1
P2339,407,2.92
P2340,860,4.58
P2341,285,1.28
P2342,625,1.32
P2343,946,2.72
P2344,73,4.31
P2345,687,2.05
P2346,446,4.76
P2347,561,2.83
P2348,313,1.64
P2349,4,2.2
P2350,214,2.19
P2351,228,1.27
P2352,797,2.09
P2353,266,4.4
P2354,154,3.13
P2355,644,4.94
P2356,63,2.17
P2357,901,4.57
P2358,810,2.61
P2359,253,2.58
P2360,563,2.81
P2361,10,1.21
P2362,914,1.66
P2363,695,2.69
P2364,50,2.44
P2365,719,1.7
P2366,205,1.53
P2367,169,4.39
P2368,864,4.65
P2369,673,4.93
P2370,988,1.91
P2371,884,3.01
P2372,854,3.69
P2373,617,1.75
P2374,812,2.62
P2375,891,4.73
P2376,855,3.39
P2377,822,1.96
P2378,717,2.03
P2379,43,4.17
P2380,337,4.97
P2381,580,4.74
P2382,118,4.66
P2383,297,3.6
P2384,180,4.28
P2385,127,2.22
P2386,61,1.52
P2387,484,4.15
P2388,580,1.09
P2389,459,3.7
P2390,993,4.64
P2391,289,3.96
P2392,489,1.95
P2393,704,4.33
P2394,982,1.58
P2395,879,1.48
P2396,692,2.0
P2397,75,4.06
P2398,971,4.54
P2399,124,1.35
P2400,355,3.59
P2401,66,3.99
P2402,706,2.03
P2403,108,1.15
P2404,144,1.83
P2405,143,1.43
P2406,714,1.94
P2407,572,3.89
P2408,977,4.78
P2409,720,4.24
P2410,385,2.86
P2411,310,1.82
P2412,292,1.92
P2413,570,1.99
P2414,800,4.81
P2415,374,2.19
P2416,150,1.87
P2417,223,1.67
P2418,316,4.65
P2419,395,1.92
P2420,148,3.72
P2421,229,4.68
P2422,235,4.27
P2423,273,4.39
P2424,334,1.43
P2425,108,1.68
P2426,576,4.18
P2427,852,1.71
P2428,752,2.95
P2429,894,2.79
P2430,39,4.96
P2431,269,4.95
P2432,676,4.74
P2433,160,2.81
P2434,984,1.48
P2435,476,3.38
P2436,678,3.04
P2437,319,1.85
P2438,244,3.18
P2439,828,4.2
P2440,148,4.21
P2441,725,3.58
P2442,692,2.32
P2443,149,3.28
P2444,42,3.89
P2445,688,2.68
P2446,928,3.09
P2447,776,3.18
P2448,142,3.38
P2449,399,1.67
P2450,242,3.43
P2451,475,4.43
P2452,651,4.94
P2453,714,2.22
P2454,260,2.96
P2455,615,4.65
P2456,784,2.7
P2457,263,3.61
P2458,904,1.73
P2459,407,4.3
P2460,515,2.95
P2461,949,4.97
P2462,105,4.73
P2463,863,2.5
P2464,156,2.15
P2465,254,4.47
P2466,953,1.3
P2467,32,4.56
P2468,520,2.79
P2469,624,3.65
P2470,848,3.71
P2471,326,2.51
P2472,320,4.42
P2473,482,3.24
P2474,364,2.43
P2475,662,3.8
P2476,646,4.39
P2477,972,3.6
P2478,942,3.58
P2479,890,1.25
P2480,705,1.7
P2481,709,3.1
P2482,126,1.1
P2483,450,3.45
P2484,810,1.89
P2485,213,3.78
P2486,1,3.8
P2487,50,4.02
P2488,684,3.46
P2489,755,4.15
P2490,561,4.71
P2491,832,3.34
P2492,147,4.18
P2493,211,4.55
P2494,71,4.01
P2495,893,1.58
P2496,517,4.48
P2497,392,4.59
P2498,867,3.35
P2499,89,2.66
P2500,169,4.29
P2501,773,2.15
P2502,525,2.08
P2503,718,4.39
P2504,890,3.84
P2505,706,3.83
P2506,1,1.78
P2507,975,1.9
P2508,517,3.41
P2509,239,1.34
P2510,186,1.29
P2511,307,2.09
P2512,764,1.75
P2513,570,1.01
P2514,531,2.01
P2515,941,3.31
P2516,444,1.5
P2517,857,2.78
P2518,581,3.48
P2519,879,2.11
P2520,307,1.62
P2521,467,4.32
P2522,399,4.23
P2523,417,1.9
P2524,916,1.98
P2525,933,4.33
P2526,23,3.05
P2527,100,3.91
P2528,773,4.49
P2529,87,4.06
P2530,96,3.5
P2531,394,1.7
P2532,50,4.2
P2533,491,4.56
P2534,411,1.84
P2535,120,4.16
P2536,143,1.54
P2537,889,3.04
P2538,349,1.37
P2539,383,1.65
P2540,609,3.62
P2541,795,4.91
P2542,140,4.34
P2543,121,3.54
P2544,580,4.63
P2545,155,1.69
P2546,22,1.55
P2547,14,1.16
P2548,601,1.69
P2549,311,4.76
P2550,343,4.56
P2551,859,2.95
P2552,298,1.49
P2553,961,1.25
P2554,310,2.76
P2555,742,4.71
P2556,278,2.35
P2557,281,1.97
P2558,762,4.66
P2559,965,1.16
P2560,510,1.27
P2561,35,3.01
P2562,776,3.76
P2563,166,4.51
P2564,726,1.43
P2565,618,1.68
P2566,682,2.76
P2567,340,3.47
P2568,970,4.41
P2569,520,2.79
P2570,165,4.14
P2571,584,4.12
P2572,292,2.01
P2573,412,3.94
P2574,686,4.23
P2575,217,3.84
P2576,256,1.44
P2577,940,1.22
P2578,431,3.23
P2579,969,2.3
P2580,790,1.82
P2581,941,4.57
P2582,656,4.76
P2583,604,2.57
P2584,99,4.89
P2585,104,4.51
P2586,736,2.61
P2587,159,3.79
P2588,646,3.78
P2589,563,3.88
P2590,901,3.27
P2591,469,1.54
P2592,261,3.05
P2593,809,4.35
P2594,501,1.23
P2595,952,4.45
P2596,545,3.61
P2597,416,2.29
P2598,227,3.93
P2599,825,1.12
P2600,479,1.81
P2601,756,2.86
P2602,63,3.23
P2603,569,2.04
P2604,225,3.09
P2605,408,4.85
P2606,320,4.9
P2607,508,4.31
P2608,984,4.74
P2609,812,1.27
P2610,199,1.32
P2611,591,4.63
P2612,441,3.73
P2613,418,1.65
P2614,660,2.55
P2615,58,4.9
P2616,185,4.41
P2617,962,4.88
P2618,864,2.03
P2619,471,2.55
P2620,727,2.83
P2621,172,1.43
P2622,865,2.76
P2623,627,4.94
P2624,114,1.9
P2625,876,1.44
P2626,999,4.75
P2627,553,2.55
P2628,727,2.78
P2629,583,3.44
P2630,523,2.82
P2631,958,1.19
P2632,91,3.9
P2633,595,1.01
P2634,54,4.8
P2635,358,4.34
P2636,512,1.01
P2637,392,4.63
P2638,361,3.58
P2639,811,4.71
P2640,266,3.98
P2641,464,4.35
P2642,51,4.0
P2643,407,2.65
P2644,910,1.45
P2645,840,3.02
P2646,976,3.32
P2647,736,2.35
P2648,616,1.18
P2649,397,3.96
P2650,612,3.25
P2651,701,3.84
P2652,925,3.27
P2653,761,3.63
P2654,615,1.46
P2655,338,4.86
P2656,767,3.45
P2657,429,3.63
P2658,193,3.25
P2659,67,3.83
P2660,797,1.16
P2661,89,2.64
P2662,798,3.46
P2663,814,4.88
P2664,487,1.45
P2665,282,2.4
P2666,649,4.97
P2667,51,4.5
P2668,393,2.21
P2669,373,2.26
P2670,288,2.5
P2671,804,4.44
P2672,481,1.54
P2673,998,2.25
P2674,279,3.09
P2675,280,3.58
P2676,545,3.64
P2677,580,1.44
P2678,339,1.28
P2679,148,2.12
P2680,456,1.84
P2681,318,3.42
P2682,335,4.87
P2683,660,4.48
P2684,92,2.01
P2685,371,3.94
P2686,309,3.45
P2687,898,3.37
P2688,805,3.52
P2689,146,1.75
P2690,476,1.12
P2691,854,4.07
P2692,985,2.04
P2693,497,2.8
P2694,990,2.39
P2695,428,2.55
P2696,719,1.03
P2697,571,4.05
P2698,777,4.18
P2699,521,1.94
P2700,904,4.45
P2701,92,1.43
P2702,158,4.94
P2703,581,4.04
P2704,342,2.55
P2705,715,4.77
P2706,658,4.07
P2707,645,1.4
P2708,168,4.98
P2709,631,3.6
P2710,785,4.27
P2711,525,1.03
P2712,61,4.58
P2713,68,4.88
P2714,972,1.17
P2715,156,1.72
P2716,662,3.97
P2717,959,4.93
P2718,925,4.67
P2719,925,4.27
P2720,843,4.51
P2721,253,4.16
P2722,34,2.16
P2723,953,4.41
P2724,137,4.76
P2725,61,1.77
P2726,3,1.63
P2727,869,1.18
P2728,422,1.77
P2729,38,2.14
P2730,701,4.9
P2731,628,1.49
P2732,289,2.28
P2733,796,1.66
P2734,379,3.88
P2735,788,2.28
P2736,84,3.93
P2737,324,3.09
P2738,436,3.06
P2739,567,2.02
P2740,898,3.61
P2741,884,1.84
P2742,709,4.67
P2743,113,1.71
P2744,733,4.16
P2745,708,2.15
P2746,26,1.32
P2747,990,1.48
P2748,471,2.65
P2749,179,1.33
P2750,222,2.48
P2751,839,1.16
P2752,458,3.22
P2753,290,2.8
P2754,169,3.13
P2755,7,3.81
P2756,20,3.94
P2757,711,3.41
P2758,536,2.62
P2759,178,1.5
P2760,253,4.43
P2761,980,1.85
P2762,326,4.75
P2763,57,4.36
P2764,613,3.92
P2765,357,2.62
P2766,48,2.12
P2767,346,4.27
P2768,129,4.93
P2769,8,2.22
P2770,786,3.51
P2771,972,2.61
P2772,120,4.16
P2773,521,1.71
P2774,430,3.71
P2775,246,4.23
P2776,891,4.73
P2777,850,1.11
P2778,329,1.61
P2779,351,3.34
P2780,753,3.84
P2781,65,3.79
P2782,12,2.16
P2783,905,3.95
P2784,44,4.86
P2785,333,2.92
P2786,983,4.82
P2787,74,2.42
P2788,621,4.93
P2789,652,1.68
P2790,888,1.66
P2791,469,1.62
P2792,772,1.84
P2793,376,4.08
P2794,905,4.58
P2795,846,2.2
P2796,560,4.82
P2797,274,4.95
P2798,913,1.9
P2799,493,1.4
P2800,487,1.92
P2801,457,3.97
P2802,314,3.52
P2803,183,1.47
P2804,823,1.37
P2805,886,3.79
P2806,766,2.49
P2807,962,1.34
P2808,817,4.91
P2809,970,3.55
P2810,598,4.41
P2811,728,4.33
P2812,414,2.24
P2813,7,1.89
P2814,931,2.29
P2815,798,4.01
P2816,52,4.93
P2817,426,1.81
P2818,468,2.95
P2819,762,4.06
P2820,673,3.23
P2821,197,3.37
P2822,211,2.98
P2823,564,4.29
P2824,602,1.99
P2825,194,4.89
P2826,255,1.55
P2827,65,3.05
P2828,190,3.84
P2829,157,4.26
P2830,176,1.16
P2831,812,4.5
P2832,202,4.47
P2833,1,2.94
P2834,931,3.84
P2835,939,1.48
P2836,542,2.12
P2837,829,2.84
P2838,104,1.53
P2839,276,3.48
P2840,756,2.01
P2841,211,2.16
P2842,48,2.2
P2843,951,2.92
P2844,938,1.08
P2845,149,2.03
P2846,479,2.04
P2847,393,3.87
P2848,403,2.59
P2849,448,2.99
P2850,522,2.96
P2851,795,1.81
P2852,478,4.42
P2853,768,3.13
P2854,194,3.86
P2855,320,1.87
P2856,135,1.17
P2857,328,1.45
P2858,784,1.43
P2859,837,4.78
P2860,692,2.87
P2861,573,1.09
P2862,272,3.44
P2863,640,2.32
P2864,237,1.94
P2865,761,4.07
P2866,787,4.83
P2867,447,3.65
P2868,922,4.84
P2869,84,3.55
P2870,865,2.71
P2871,616,4.37
P2872,723,1.7
P2873,686,4.06
P2874,615,3.49
P2875,875,2.69
P2876,2,2.76
P2877,753,2.93
P2878,571,1.21
P2879,817,1.38
P2880,395,1.63
P2881,987,4.05
P2882,252,2.24
P2883,580,4.87
P2884,560,1.31
P2885,938,4.93
P2886,957,2.74
P2887,300,3.05
P2888,920,1.26
P2889,797,3.66
P2890,419,4.49
P2891,328,1.25
P2892,817,2.93
P2893,861,1.62
P2894,216,2.71
P2895,413,1.9
P2896,641,1.22
P2897,507,3.55
P2898,94,4.8
P2899,851,1.34
P2900,587,3.92
P2901,737,1.81
P2902,544,3.87
P2903,799,1.16
P2904,427,4.69
P2905,379,4.04
P2906,324,1.47
P2907,653,1.51
P2908,696,2.06
P2909,901,3.97
P2910,350,1.72
P2911,839,1.65
P2912,386,2.62
P2913,539,3.33
P2914,902,1.52
P2915,611,4.43
P2916,489,4.63
P2917,156,4.22
P2918,562,3.47
P2919,121,3.65
P2920,446,2.35
P2921,486,1.92
P2922,348,2.73
P2923,56,2.42
P2924,238,4.8
P2925,310,3.53
P2926,856,3.94
P2927,486,2.35
P2928,101,4.83
P2929,772,4.3
P2930,343,3.04
P2931,702,4.71
P2932,140,2.8
P2933,481,3.78
P2934,461,1.15
P2935,942,3.18
P2936,884,4.25
P2937,379,3.35
P2938,385,4.92
P2939,449,4.21
P2940,219,3.36
P2941,312,4.59
P2942,673,1.16
P2943,573,3.03
P2944,223,2.55
P2945,945,4.94
P2946,983,1.09
P2947,965,3.96
P2948,415,3.07
P2949,887,3.93
P2950,766,1.58
P2951,423,1.52
P2952,932,1.93
P2953,523,1.77
P2954,49,1.44
P2955,903,4.27
P2956,607,3.49
P2957,216,3.28
P2958,290,3.75
P2959,230,2.09
P2960,845,2.89
P2961,557,1.74
P2962,355,1.94
P2963,404,3.05
P2964,186,3.33
P2965,545,2.45
P2966,526,4.06
P2967,617,1.67
P2968,330,3.77
P2969,457,2.72
P2970,107,1.56
P2971,657,1.33
P2972,598,1.18
P2973,639,3.44
P2974,815,3.88
P2975,482,1.88
P2976,343,3.27
P2977,740,1.51
P2978,463,4.6
P2979,289,3.93
P2980,271,1.36
P2981,80,4.13
P2982,759,3.14
P2983,27,3.87
P2984,828,2.44
P2985,67,3.31
P2986,93,2.81
P2987,493,1.64
P2988,448,1.59
P2989,987,1.87
P2990,611,2.81
P2991,547,1.73
P2992,136,1.14
P2993,652,2.93
P2994,697,1.03
P2995,662,4.65
P2996,197,3.27
P2997,565,2.7
P2998,1,4.23
P2999,979,4.12
P3000,13,2.04
P3001,662,2.54
P3002,154,2.22
P3003,604,4.34
P3004,160,1.33
P3005,126,1.58
P3006,150,1.76
P3007,498,2.43
P3008,116,4.51
P3009,611,2.12
P3010,182,3.24
P3011,772,4.58
P3012,166,4.96
P3013,556,4.63
P3014,339,3.61
P3015,716,4.52
P3016,929,2.6
P3017,43,2.16
P3018,744,1.39
P3019,473,3.45
P3020,360,1.9
P3021,214,4.41
P3022,158,1.09
P3023,471,1.16
P3024,700,3.74
P3025,112,2.36
P3026,983,2.62
P3027,410,3.06
P3028,764,1.4
P3029,747,2.26
P3030,444,2.39
P3031,658,2.82
P3032,36,1.19
P3033,549,4.36
P3034,995,1.18
P3035,990,4.69
P3036,569,3.5
P3037,960,4.01
P3038,489,2.13
P3039,91,2.99
P3040,99,1.97
P3041,649,1.65
P3042,147,3.7
P3043,717,1.83
P3044,785,1.89
P3045,151,2.85
P3046,35,4.11
P3047,79,4.5
P3048,158,1.05
P3049,581,4.59
P3050,241,4.85
P3051,326,4.95
P3052,726,2.26
P3053,388,3.66
P3054,404,4.31
P3055,331,4.66
P3056,372,1.04
P3057,40,1.06
P3058,412,1.11
P3059,816,4.62
P3060,71,3.26
P3061,967,1.13
P3062,331,1.62
P3063,631,3.06
P3064,419,2.66
P3065,554,2.81
P3066,604,1.87
P3067,688,3.89
P3068,841,2.13
P3069,708,1.72
P3070,469,2.15
P3071,1,1.21
P3072,933,3.93
P3073,506,4.61
P3074,479,4.63
P3075,248,2.59
P3076,498,3.48
P3077,167,3.55
P3078,697,3.38
P3079,862,2.44
P3080,444,2.68
P3081,862,3.6
P3082,183,1.99
P3083,653,3.56
P3084,290,3.99
P3085,750,1.16
P3086,168,2.55
P3087,720,1.43
P3088,234,1.53
P3089,965,2.88
P3090,371,1.93
P3091,389,4.05
P3092,548,4.12
P3093,375,1.81
P3094,180,4.65
P3095,88,3.29
P3096,831,3.55
P3097,341,3.34
P3098,322,2.25
P3099,175,1.1
P3100,591,3.78
P3101,625,2.33
P3102,909,2.29
P3103,569,4.49
P3104,10,1.04
P3105,828,3.71
P3106,100,2.91
P3107,683,4.76
P3108,910,4.38
P3109,271,2.81
P3110,327,3.09
P3111,443,1.31
P3112,106,1.3
P3113,425,4.43
P3114,860,3.76
P3115,684,3.57
P3116,550,3.9
P3117,646,1.94
P3118,645,2.96
P3119,311,4.23
P3120,844,3.71
P3121,950,3.9
P3122,199,4.06
P3123,57,2.47
P3124,947,2.97
P3125,422,2.42
P3126,591,2.8
P3127,210,4.54
P3128,287,1.57
P3129,7,1.64
P3130,245,2.36
P3131,803,3.63
P3132,139,3.17
P3133,405,3.4
P3134,359,4.2
P3135,244,4.73
P3136,538,1.76
P3137,678,2.74
P3138,459,1.83
P3139,807,3.23
P3140,908,4.69
P3141,85,4.56
P3142,206,4.92
P3143,410,4.96
P3144,79,2.04
P3145,774,2.53
P3146,477,4.56
P3147,114,4.32
P3148,437,4.56
P3149,624,2.08
P3150,781,2.24
P3151,293,4.06
P3152,873,1.68
P3153,68,2.22
P3154,743,3.55
P3155,978,4.59
P3156,322,4.95
P3157,718,4.12
P3158,729,3.96
P3159,609,4.98
P3160,754,3.02
P3161,72,1.22
P3162,106,1.65
P3163,899,4.23
P3164,917,3.06
P3165,724,4.28
P3166,262,1.71
P3167,49,3.53
P3168,58,1.77
P3169,35,3.28
P3170,309,3.67
P3171,551,4.92
P3172,934,4.71
P3173,327,2.24
P3174,908,2.91
P3175,789,3.1
P3176,843,2.31
P3177,112,4.7
P3178,73,2.74
P3179,122,3.66
P3180,922,3.8
P3181,795,1.27
P3182,191,3.18
P3183,799,1.99
P3184,619,4.72
P3185,189,3.34
P3186,56,1.86
P3187,425,2.45
P3188,557,2.12
P3189,88,3.31
P3190,227,3.5
P3191,650,3.45
P3192,936,2.96
P3193,2,2.11
P3194,41,3.93
P3195,588,4.78
P3196,219,4.53
P3197,266,3.66
P3198,91,3.03
P3199,621,3.37
P3200,735,1.82
P3201,874,1.21
P3202,609,3.34
P3203,634,1.19
P3204,881,4.45
P3205,762,4.34
P3206,446,3.77
P3207,442,1.54
P3208,340,2.64
P3209,29,4.07
P3210,755,2.65
P3211,304,1.03
P3212,713,2.73
P3213,174,3.41
P3214,514,4.93
P3215,422,2.18
P3216,328,2.77
P3217,141,4.06
P3218,127,4.25
P3219,922,4.26
P3220,135,1.18
P3221,171,3.01
P3222,229,3.29
P3223,650,3.19
P3224,671,2.22
P3225,92,2.89
P3226,535,3.44
P3227,403,4.84
P3228,484,2.79
P3229,35,2.59
P3230,196,4.65
P3231,187,1.67
P3232,347,1.48
P3233,746,4.17
P3234,510,3.17
P3235,501,2.63
P3236,171,3.65
P3237,267,1.84
P3238,896,1.7
P3239,749,1.65
P3240,227,1.83
P3241,987,3.58
P3242,697,4.4
P3243,129,2.09
P3244,322,4.2
P3245,52,4.24
P3246,187,3.32
P3247,772,1.61
P3248,340,2.17
P3249,887,4.35
P3250,359,2.86
P3251,562,2.31
P3252,84,4.4
P3253,580,4.22
P3254,381,1.66
P3255,722,1.06
P3256,994,4.93
P3257,789,2.69
P3258,525,3.98
P3259,299,4.44
P3260,582,2.56
P3261,125,2.59
P3262,979,2.22
P3263,228,3.4
P3264,58,3.07
P3265,252,4.93
P3266,985,3.68
P3267,710,3.98
P3268,613,3.24
P3269,655,4.41
P3270,133,4.32
P3271,996,2.96
P3272,458,3.88
P3273,805,4.27
P3274,871,3.48
P3275,707,3.46
P3276,579,3.79
P3277,127,2.58
P3278,156,1.37
P3279,616,1.11
P3280,732,3.55
P3281,319,4.31
P3282,498,3.3
P3283,334,4.12
P3284,127,3.96
P3285,606,4.28
P3286,97,1.08
P3287,869,2.78
P3288,207,2.97
P3289,108,3.53
P3290,861,4.75
P3291,699,4.3
P3292,577,1.46
P3293,822,2.17
P3294,375,2.65
P3295,395,1.16
P3296,651,3.49
P3297,929,3.22
P3298,899,3.82
P3299,861,1.45
P3300,103,1.05
P3301,748,1.69
P3302,978,2.56
P3303,988,4.22
P3304,16,4.32
P3305,230,2.95
P3306,325,3.01
P3307,73,4.01
P3308,583,3.97
P3309,589,1.1
P3310,969,4.5
P3311,734,2.94
P3312,385,4.29
P3313,987,2.63
P3314,980,1.92
P3315,704,2.33
P3316,508,3.85
P3317,2,4.51
P3318,369,3.37
P3319,87,2.2
P3320,105,2.66
P3321,173,2.32
P3322,740,1.62
P3323,840,4.8
P3324,967,3.42
P3325,861,2.85
P3326,572,4.89
P3327,320,4.18
P3328,735,4.77
P3329,938,2.47
P3330,486,3.26
P3331,870,2.17
P3332,573,4.49
P3333,227,1.32
P3334,46,2.83
P3335,883,1.86
P3336,689,4.79
P3337,67,3.92
P3338,540,1.89
P3339,208,1.43
P3340,894,1.83
P3341,285,3.98
P3342,341,4.34
P3343,708,2.84
P3344,904,2.33
P3345,252,1.85
P3346,852,4.22
P3347,447,1.29
P3348,956,1.19
P3349,276,3.58
P3350,585,4.9
P3351,382,1.87
P3352,972,2.65
P3353,983,4.58
P3354,389,4.41
P3355,962,4.59
P3356,423,4.66
P3357,63,2.16
P3358,856,1.03
P3359,223,4.81
P3360,166,4.56
P3361,650,1.21
P3362,686,3.07
P3363,225,2.85
P3364,632,2.85
P3365,422,4.58
P3366,1,4.81
P3367,287,3.64
P3368,617,2.35
P3369,770,1.64
P3370,83,2.65
P3371,981,4.21
P3372,476,1.66
P3373,810,2.68
P3374,164,3.93
P3375,831,4.27
P3376,304,4.3
P3377,993,4.13
P3378,636,1.08
P3379,131,3.77
P3380,167,2.36
P3381,544,1.06
P3382,97,1.79
P3383,779,1.83
P3384,967,2.67
P3385,278,1.52
P3386,594,3.46
P3387,687,2.81
P3388,588,4.98
P3389,802,3.92
P3390,740,1.19
P3391,361,2.47
P3392,793,4.3
P3393,893,1.9
P3394,337,2.08
P3395,840,4.02
P3396,735,1.79
P3397,997,3.88
P3398,483,3.07
P3399,447,4.15
P3400,215,2.61
P3401,482,3.47
P3402,490,4.14
P3403,69,3.87
P3404,290,2.38
P3405,765,3.84
P3406,716,4.12
P3407,103,2.21
P3408,286,4.59
P3409,645,1.75
P3410,735,3.98
P3411,385,1.0
P3412,612,1.97
P3413,49,4.44
P3414,651,2.47
P3415,339,2.19
P3416,605,1.29
P3417,710,3.96
P3418,433,3.34
P3419,996,3.68
P3420,68,2.66
P3421,813,1.91
P3422,221,3.5
P3423,711,4.99
P3424,190,3.84
P3425,136,3.83
P3426,769,4.32
P3427,548,4.44
P3428,54,4.97
P3429,603,2.48
P3430,604,4.92
P3431,809,2.74
P3432,84,4.55
P3433,603,4.23
P3434,908,3.31
P3435,946,2.83
P3436,275,3.52
P3437,815,3.85
P3438,768,2.16
P3439,984,3.25
P3440,449,4.22
P3441,609,3.51
P3442,278,3.27
P3443,274,4.45
P3444,53,4.02
P3445,385,1.08
P3446,24,1.99
P3447,598,3.81
P3448,996,1.82
P3449,115,1.52
P3450,562,2.46
P3451,467,4.58
P3452,299,3.21
P3453,535,3.63
P3454,377,3.65
P3455,824,3.09
P3456,534,3.32
P3457,418,4.14
P3458,172,2.22
P3459,831,1.88
P3460,880,3.04
P3461,245,1.5
P3462,526,4.23
P3463,306,2.23
P3464,511,2.99
P3465,47,4.76
P3466,21,3.36
P3467,47,1.05
P3468,118,2.72
P3469,597,4.98
P3470,731,4.14
P3471,311,2.75
P3472,445,1.2
P3473,137,2.42
P3474,474,3.47
P3475,363,2.18
P3476,363,3.62
P3477,228,4.93
P3478,561,4.62
P3479,631,4.19
P3480,112,4.47
P3481,744,2.98
P3482,28,4.05
P3483,188,2.49
P3484,421,2.35
P3485,237,3.17
P3486,688,2.75
P3487,493,3.0
P3488,516,1.3
P3489,827,1.78
P3490,1,4.1
P3491,855,4.51
P3492,426,1.18
P3493,191,2.31
P3494,506,3.21
P3495,448,2.42
P3496,95,3.71
P3497,809,2.68
P3498,769,3.74
P3499,751,1.17
P3500,685,1.45
P3501,761,3.7
P3502,324,1.39
P3503,96,2.68
P3504,670,1.38
P3505,907,2.55
P3506,775,3.47
P3507,969,2.61
P3508,587,4.85
P3509,407,1.22
P3510,944,4.26
P3511,124,2.61
P3512,28,4.51
P3513,953,3.38
P3514,207,4.24
P3515,166,4.17
P3516,18,4.26
P3517,319,4.56
P3518,586,4.54
P3519,877,3.35
P3520,804,3.54
P3521,423,1.68
P3522,752,2.7
P3523,585,4.67
P3524,949,4.82
P3525,275,3.9
P3526,961,4.44
P3527,682,2.66
P3528,204,4.29
P3529,355,1.56
P3530,649,3.37
P3531,740,3.9
P3532,581,1.03
P3533,643,4.4
P3534,224,3.66
P3535,101,2.87
P3536,488,2.29
P3537,744,4.18
P3538,908,3.67
P3539,6,3.25
P3540,321,2.23
P3541,825,1.85
P3542,870,3.68
P3543,636,4.43
P3544,792,3.57
P3545,110,4.84
P3546,904,3.96
P3547,641,4.57
P3548,713,4.55
P3549,852,1.89
P3550,779,4.72
P3551,816,1.03
P3552,676,1.04
P3553,198,3.79
P3554,775,4.21
P3555,617,4.38
P3556,362,4.13
P3557,371,1.91
P3558,78,3.15
P3559,371,3.48
P3560,160,1.24
P3561,762,4.07
P3562,724,2.23
P3563,421,4.37
P3564,785,2.99
P3565,571,1.57
P3566,796,4.58
P3567,961,2.68
P3568,341,1.97
P3569,176,3.07
P3570,409,1.54
P3571,948,2.06
P3572,948,1.89
P3573,54,4.13
P3574,773,4.82
P3575,994,4.66
P3576,457,3.19
P3577,702,4.58
P3578,660,3.33
P3579,703,4.3
P3580,696,2.09
P3581,739,4.92
P3582,773,2.05
P3583,768,3.6
P3584,687,1.48
P3585,582,1.78
P3586,496,1.5
P3587,189,2.02
P3588,409,3.51
P3589,134,2.7
P3590,986,4.64
P3591,549,2.48
P3592,131,1.51
P3593,7,3.91
P3594,65,3.3
P3595,618,2.84
P3596,469,1.32
P3597,906,3.25
P3598,176,1.74
P3599,101,3.53
P3600,542,3.82
P3601,393,2.55
P3602,226,4.65
P3603,747,4.2
P3604,917,2.31
P3605,157,1.04
P3606,311,1.39
P3607,539,1.43
P3608,725,3.86
P3609,783,2.16
P3610,234,1.05
P3611,790,2.95
P3612,672,2.32
P3613,673,1.95
P3614,279,3.23
P3615,407,1.79
P3616,414,2.84
P3617,89,2.79
P3618,163,2.13
P3619,248,2.62
P3620,390,2.77
P3621,607,4.02
P3622,266,4.16
P3623,408,2.83
P3624,26,1.27
P3625,416,4.82
P3626,869,2.38
P3627,256,1.18
P3628,846,1.38
P3629,452,3.83
P3630,725,2.25
P3631,944,1.94
P3632,604,3.22
P3633,979,4.93
P3634,610,3.74
P3635,409,3.83
P3636,374,4.81
P3637,231,3.73
P3638,447,4.58
P3639,405,2.78
P3640,397,3.18
P3641,78,1.01
P3642,291,1.8
P3643,137,4.79
P3644,277,1.61
P3645,820,4.04
P3646,763,2.24
P3647,387,2.33
P3648,489,2.72
P3649,721,2.41
P3650,464,3.42
P3651,13,3.82
P3652,810,1.2
P3653,336,4.4
P3654,373,1.75
P3655,522,1.64
P3656,499,1.28
P3657,548,4.7
P3658,772,3.22
P3659,57,3.8
P3660,334,2.22
P3661,645,3.99
P3662,328,4.59
P3663,564,1.46
P3664,448,3.89
P3665,710,3.89
P3666,307,1.35
P3667,918,3.32
P3668,401,4.52
P3669,129,3.29
P3670,433,4.66
P3671,231,3.98
P3672,814,1.33
P3673,242,4.12
P3674,43,2.15
P3675,932,2.03
P3676,912,1.24
P3677,748,3.14
P3678,257,3.4
P3679,490,2.45
P3680,470,1.65
P3681,453,2.53
P3682,570,1.55
P3683,608,1.26
P3684,905,1.92
P3685,932,3.55
P3686,401,4.69
P3687,625,2.03
P3688,253,1.56
P3689,986,1.94
P3690,796,3.19
P3691,447,4.29
P3692,382,2.61
P3693,41,1.0
P3694,30,3.49
P3695,953,2.04
P3696,297,2.46
P3697,333,3.98
P3698,416,3.33
P3699,382,1.17
P3700,223,4.39
P3701,268,4.47
P3702,867,3.37
P3703,577,1.12
P3704,74,3.79
P3705,107,4.87
P3706,880,4.78
P3707,49,4.85
P3708,258,1.28
P3709,965,3.04
P3710,128,1.02
P3711,27,3.08
P3712,630,3.32
P3713,528,2.07
P3714,820,2.19
P3715,634,1.77
P3716,169,3.41
P3717,974,3.03
P3718,272,3.92
P3719,389,2.52
P3720,661,3.33
P3721,292,3.1
P3722,49,3.35
P3723,764,4.66
P3724,969,4.0
P3725,533,2.64
P3726,379,4.53
P3727,818,3.96
P3728,794,3.79
P3729,591,3.21
P3730,874,4.61
P3731,690,2.12
P3732,791,4.04
P3733,815,1.12
P3734,804,3.54
P3735,142,4.19
P3736,938,2.68
P3737,37,3.04
P3738,55,3.54
P3739,685,4.49
P3740,822,2.04
P3741,306,1.09
P3742,824,2.09
P3743,607,3.49
P3744,393,2.75
P3745,655,3.53
P3746,153,4.35
P3747,768,2.7
P3748,334,3.57
P3749,909,2.03
P3750,156,1.83
P3751,987,3.23
P3752,877,1.82
P3753,23,4.59
P3754,676,1.34
P3755,574,1.65
P3756,227,2.09
P3757,521,1.27
P3758,180,1.36
P3759,867,4.46
P3760,506,3.08
P3761,902,2.89
P3762,454,3.76
P3763,402,2.83
P3764,558,2.1
P3765,868,2.04
P3766,262,3.84
P3767,474,2.36
P3768,784,2.84
P3769,618,2.27
P3770,489,1.13
P3771,515,2.91
P3772,260,2.62
P3773,630,3.26
P3774,947,1.54
P3775,836,3.25
P3776,734,2.1
P3777,522,1.29
P3778,66,2.63
P3779,265,3.64
P3780,418,2.94
P3781,438,1.08
P3782,144,4.06
P3783,145,2.06
P3784,388,4.32
P3785,573,1.12
P3786,753,2.62
P3787,856,4.49
P3788,668,4.79
P3789,163,2.48
P3790,74,4.66
P3791,490,3.74
P3792,163,4.13
P3793,244,1.61
P3794,102,3.08
P3795,747,4.83
P3796,220,1.35
P3797,57,4.51
P3798,171,1.55
P3799,569,3.3
P3800,182,2.81
P3801,8,1.01
P3802,331,1.98
P3803,363,1.44
P3804,899,3.13
P3805,512,3.54
P3806,668,1.61
P3807,140,1.59
P3808,821,3.43
P3809,383,2.02
P3810,221,4.5
P3811,156,2.62
P3812,603,3.12
P3813,301,2.01
P3814,402,3.99
P3815,827,2.74
P3816,424,1.07
P3817,722,1.93
P3818,419,4.08
P3819,858,2.11
P3820,764,1.09
P3821,25,2.21
P3822,943,2.11
P3823,927,4.56
P3824,254,2.18
P3825,721,1.94
P3826,751,3.28
P3827,820,2.51
P3828,620,2.41
P3829,857,4.46
P3830,554,3.71
P3831,695,1.38
P3832,808,1.15
P3833,516,3.03
P3834,147,4.23
P3835,438,2.63
P3836,606,1.28
P3837,14,3.87
P3838,89,4.81
P3839,257,3.66
P3840,191,2.6
P3841,208,1.7
P3842,879,2.33
P3843,275,4.64
P3844,317,2.57
P3845,887,1.92
P3846,644,4.05
P3847,759,1.14
P3848,632,4.9
P3849,894,2.7
P3850,118,4.42
P3851,86,3.75
P3852,525,2.93
P3853,65,4.67
P3854,60,2.05
P3855,98,1.39
P3856,214,1.78
P3857,662,3.55
P3858,13,2.26
P3859,901,2.48
P3860,209,3.29
P3861,693,2.77
P3862,810,2.96
P3863,294,1.56
P3864,70,4.28
P3865,355,1.76
P3866,43,4.33
P3867,766,1.43
P3868,655,3.71
P3869,188,3.43
P3870,760,4.46
P3871,959,2.16
P3872,71,3.78
P3873,857,1.2
P3874,72,1.8
P3875,437,2.77
P3876,475,1.57
P3877,15,4.21
P3878,988,2.03
P3879,444,3.35
P3880,188,3.41
P3881,198,2.2
P3882,663,3.54
P3883,564,4.83
P3884,762,2.68
P3885,161,3.87
P3886,66,3.6
P3887,11,2.95
P3888,618,3.97
P3889,980,1.5
P3890,465,2.52
P3891,548,1.18
P3892,588,3.91
P3893,839,3.08
P3894,819,3.8
P3895,461,1.99
P3896,291,4.96
P3897,557,4.31
P3898,972,2.35
P3899,195,1.64
P3900,360,2.58
P3901,471,3.3
P3902,951,2.8
P3903,255,1.94
P3904,180,2.47
P3905,290,3.77
P3906,811,1.14
P3907,95,2.49
P3908,357,4.52
P3909,810,3.83
P3910,461,4.54
P3911,708,4.44
P3912,991,3.72
P3913,783,4.93
P3914,973,4.4
P3915,387,4.35
P3916,25,2.88
P3917,916,1.74
P3918,654,2.16
P3919,16,4.47
P3920,223,1.72
P3921,828,1.32
P3922,371,2.94
P3923,570,1.56
P3924,798,1.59
P3925,678,2.99
P3926,90,1.53
P3927,309,1.84
P3928,207,4.21
P3929,786,4.56
P3930,361,4.53
P3931,188,4.33
P3932,957,2.02
P3933,779,3.9
P3934,193,1.35
P3935,214,1.77
P3936,178,2.84
P3937,793,4.24
P3938,392,4.37
P3939,109,2.24
P3940,81,4.64
P3941,314,2.68
P3942,359,3.34
P3943,936,2.36
P3944,321,2.19
P3945,156,1.14
P3946,768,3.51
P3947,925,3.74
P3948,803,2.61
P3949,563,1.59
P3950,913,2.03
P3951,37,3.71
P3952,627,2.43
P3953,542,2.64
P3954,898,2.84
P3955,74,3.33
P3956,650,3.26
P3957,928,1.63
P3958,331,1.89
P3959,575,3.68
P3960,693,4.22
P3961,537,3.54
P3962,959,1.97
P3963,107,3.07
P3964,420,4.62
P3965,956,3.43
P3966,850,2.54
P3967,591,2.0
P3968,796,2.82
P3969,598,1.66
P3970,88,2.96
P3971,256,1.53
P3972,145,3.15
P3973,784,2.66
P3974,523,4.3
P3975,99,3.1
P3976,162,3.94
P3977,454,4.49
P3978,137,3.84
P3979,159,4.63
P3980,884,2.95
P3981,272,4.86
P3982,15,3.09
P3983,584,3.55
P3984,941,3.64
P3985,80,4.02
P3986,157,3.96
P3987,555,1.62
P3988,249,4.57
P3989,474,2.51
P3990,117,1.87
P3991,848,4.47
P3992,668,2.19
P3993,411,3.24
P3994,241,2.54
P3995,658,4.68
P3996,726,2.87
P3997,963,1.06
P3998,409,2.46
P3999,739,4.51
P4000,987,3.32
P4001,59,3.61
P4002,295,3.54
P4003,113,2.5
P4004,74,4.95
P4005,23,1.81
P4006,878,4.7
P4007,531,2.66
P4008,233,3.28
P4009,269,1.79
P4010,250,2.33
P4011,504,3.96
P4012,576,3.64
P4013,34,3.4
P4014,916,1.11
P4015,39,4.13
P4016,178,4.47
P4017,523,1.28
P4018,543,3.61
P4019,475,3.43
P4020,597,3.01
P4021,286,2.49
P4022,878,4.87
P4023,98,4.73
P4024,648,1.6
P4025,999,4.89
P4026,623,4.42
P4027,921,3.21
P4028,666,2.54
P4029,511,1.99
P4030,871,2.08
P4031,435,4.6
P4032,288,2.61
P4033,59,1.13
P4034,775,1.82
P4035,97,2.74
P4036,862,4.87
P4037,500,3.7
P4038,824,4.14
P4039,877,3.87
P4040,927,4.38
P4041,925,4.51
P4042,733,2.47
P4043,498,1.4
P4044,289,3.83
P4045,218,3.22
P4046,500,2.2
P4047,913,4.62
P4048,393,3.46
P4049,347,3.18
P4050,720,4.81
P4051,156,3.57
P4052,569,2.7
P4053,89,3.05
P4054,346,4.45
P4055,483,3.89
P4056,991,2.86
P4057,48,4.49
P4058,141,2.1
P4059,353,4.38
P4060,711,2.1
P4061,82,4.49
P4062,110,4.23
P4063,249,5.0
P4064,201,2.97
P4065,815,2.24
P4066,256,2.46
P4067,261,3.63
P4068,718,4.87
P4069,552,4.36
P4070,964,4.55
P4071,566,2.15
P4072,529,1.23
P4073,646,1.13
P4074,170,3.78
P4075,500,1.95
P4076,665,4.39
P4077,626,2.03
P4078,693,1.72
P4079,188,4.97
P4080,845,3.9
P4081,498,4.82
P4082,66,4.2
P4083,39,4.57
P4084,681,3.37
P4085,633,2.56
P4086,676,4.14
P4087,634,1.27
P4088,299,4.37
P4089,659,1.75
P4090,187,4.6
P4091,847,2.23
P4092,164,2.61
P4093,863,1.96
P4094,749,3.69
P4095,145,4.75
P4096,391,1.91
P4097,4,4.36
P4098,761,2.86
P4099,20,3.07
P4100,893,4.17
P4101,927,2.92
P4102,850,2.57
P4103,770,1.25
P4104,344,4.15
P4105,767,4.36
P4106,600,2.28
P4107,82,1.51
P4108,303,3.54
P4109,199,2.1
P4110,664,3.45
P4111,144,2.07
P4112,805,4.98
P4113,437,3.4
P4114,664,1.09
P4115,58,4.75
P4116,457,2.46
P4117,702,1.63
P4118,217,1.77
P4119,967,1.89
P4120,20,1.66
P4121,631,3.2
P4122,659,4.47
P4123,848,1.24
P4124,474,2.24
P4125,596,2.8
P4126,31,3.3
P4127,365,2.39
P4128,792,1.2
P4129,977,4.21
P4130,192,4.92
P4131,136,2.1
P4132,706,2.99
P4133,609,3.86
P4134,800,1.99
P4135,186,2.75
P4136,531,2.08
P4137,338,1.65
P4138,61,3.19
P4139,244,1.51
P4140,678,1.13
P4141,793,3.01
P4142,614,3.53
P4143,420,4.13
P4144,131,4.99
P4145,626,2.42
P4146,718,4.36
P4147,213,4.46
P4148,207,4.62
P4149,764,4.05
P4150,666,4.86
P4151,453,2.65
P4152,756,1.85
P4153,581,4.87
P4154,975,1.95
P4155,432,2.15
P4156,373,2.48
P4157,757,2.54
P4158,62,3.68
P4159,629,4.29
P4160,544,4.74
P4161,343,3.57
P4162,229,4.05
P4163,645,4.69
P4164,333,4.85
P4165,263,2.89
P4166,550,3.91
P4167,968,4.54
P4168,869,3.68
P4169,638,1.17
P4170,423,2.43
P4171,605,3.79
P4172,826,4.63
P4173,511,4.82
P4174,158,2.42
P4175,234,1.35
P4176,790,3.84
P4177,529,2.99
P4178,953,3.4
P4179,896,4.35
P4180,955,4.35
P4181,63,4.74
P4182,416,3.82
P4183,855,1.65
P4184,159,2.16
P4185,775,1.96
P4186,992,1.49
P4187,558,3.49
P4188,149,2.31
P4189,121,2.15
P4190,726,2.55
P4191,65,2.5
P4192,380,4.75
P4193,399,2.33
P4194,367,3.08
P4195,80,2.02
P4196,524,2.42
P4197,79,1.67
P4198,413,4.46
P4199,716,4.0
P4200,999,4.31
P4201,194,4.29
P4202,993,3.16
P4203,933,3.08
P4204,335,4.0
P4205,323,4.31
P4206,361,3.24
P4207,990,2.6
P4208,951,1.36
P4209,739,1.84
P4210,606,4.31
P4211,952,1.84
P4212,950,4.0
P4213,179,2.78
P4214,920,3.3
P4215,192,4.54
P4216,671,4.22
P4217,752,3.6
P4218,246,3.96
P4219,607,2.62
P4220,813,2.35
P4221,2,3.35
P4222,40,4.9
P4223,660,1.55
P4224,193,4.51
P4225,486,1.34
P4226,309,4.26
P4227,725,3.48
P4228,823,4.43
P4229,556,3.42
P4230,283,1.64
P4231,833,2.13
P4232,128,4.06
P4233,102,3.51
P4234,803,3.48
P4235,921,4.32
P4236,586,4.91
P4237,11,1.08
P4238,186,3.51
P4239,687,4.31
P4240,619,3.06
P4241,772,1.72
P4242,327,3.1
P4243,538,3.82
P4244,370,1.09
P4245,937,4.14
P4246,921,3.08
P4247,84,4.86
P4248,952,3.98
P4249,375,4.03
P4250,510,3.85
P4251,409,1.28
P4252,139,1.83
P4253,646,3.68
P4254,882,2.51
P4255,323,2.33
P4256,53,2.89
P4257,500,1.79
P4258,302,4.45
P4259,328,4.09
P4260,920,4.45
P4261,41,4.99
P4262,579,1.74
P4263,886,1.63
P4264,163,3.91
P4265,65,4.83
P4266,652,1.14
P4267,799,3.54
P4268,805,4.78
P4269,638,3.96
P4270,806,1.31
P4271,355,1.14
P4272,34,4.94
P4273,970,2.67
P4274,117,4.18
P4275,118,3.14
P4276,864,4.61
P4277,704,3.08
P4278,749,2.44
P4279,231,1.03
P4280,303,1.23
P4281,761,2.33
P4282,557,3.86
P4283,746,4.39
P4284,866,4.1
P4285,447,1.16
P4286,203,4.46
P4287,31,1.07
P4288,649,2.39
P4289,877,3.19
P4290,919,4.66
P4291,656,4.67
P4292,333,1.04
P4293,686,1.78
P4294,230,1.26
P4295,304,4.47
P4296,101,3.52
P4297,558,3.38
P4298,631,2.38
P4299,398,1.15
P4300,218,1.4
P4301,292,3.24
P4302,743,2.65
P4303,6,2.25
P4304,123,4.04
P4305,105,1.74
P4306,172,4.64
P4307,338,4.08
P4308,829,3.04
P4309,400,2.87
P4310,173,4.52
P4311,719,3.67
P4312,165,3.34
P4313,522,3.61
P4314,837,2.83
P4315,60,3.07
P4316,867,3.38
P4317,114,3.69
P4318,233,3.58
P4319,479,4.33
P4320,203,2.53
P4321,292,1.72
P4322,638,1.29
P4323,118,2.9
P4324,436,1.69
P4325,949,1.96
P4326,350,1.37
P4327,629,2.98
P4328,902,3.37
P4329,402,2.92
P4330,362,2.44
P4331,598,1.71
P4332,381,2.23
P4333,67,2.77
P4334,536,2.58
P4335,838,3.28
P4336,833,4.94
P4337,775,4.75
P4338,119,1.83
P4339,122,2.73
P4340,395,4.73
P4341,396,3.28
P4342,123,3.45
P4343,528,2.51
P4344,10,1.5
P4345,119,4.36
P4346,730,1.73
P4347,10,4.98
P4348,356,2.0
P4349,991,3.73
P4350,615,1.98
P4351,670,3.95
P4352,588,4.54
P4353,644,2.71
P4354,770,3.79
P4355,236,3.61
P4356,178,2.0
P4357,254,2.57
P4358,292,2.84
P4359,328,4.44
P4360,117,1.39
P4361,545,3.85
P4362,706,3.09
P4363,255,2.43
P4364,254,4.56
P4365,933,3.62
P4366,471,4.36
P4367,705,4.36
P4368,254,3.04
P4369,848,3.54
P4370,781,4.48
P4371,627,3.45
P4372,597,4.44
P4373,109,1.02
P4374,686,3.12
P4375,1000,2.36
P4376,402,1.34
P4377,467,3.22
P4378,856,3.09
P4379,547,4.86
P4380,384,1.62
P4381,926,1.9
P4382,289,1.39
P4383,501,3.94
P4384,651,2.69
P4385,524,4.52
P4386,721,4.6
P4387,860,1.75
P4388,662,1.4
P4389,476,2.76
P4390,442,3.84
P4391,835,2.91
P4392,942,1.06
P4393,982,4.81
P4394,892,1.65
P4395,173,3.66
P4396,152,3.33
P4397,455,3.62
P4398,712,4.24
P4399,800,4.53
P4400,980,1.84
P4401,371,2.11
P4402,147,4.48
P4403,771,4.46
P4404,176,3.93
P4405,510,3.28
P4406,190,4.69
P4407,769,2.17
P4408,192,4.6
P4409,700,3.83
P4410,977,3.32
P4411,715,2.33
P4412,506,2.3
P4413,346,4.47
P4414,231,3.0
P4415,295,3.06
P4416,757,2.8
P4417,911,1.79
P4418,796,1.67
P4419,979,1.92
P4420,938,2.8
P4421,281,3.43
P4422,721,2.85
P4423,787,1.99
P4424,461,3.26
P4425,809,3.63
P4426,127,1.6
P4427,246,1.55
P4428,734,4.48
P4429,775,2.32
P4430,152,3.58
P4431,884,4.1
P4432,839,3.27
P4433,358,3.23
P4434,497,1.52
P4435,330,2.96
P4436,204,4.5
P4437,233,3.95
P4438,606,1.23
P4439,708,2.55
P4440,299,4.37
P4441,59,3.7
P4442,460,4.55
P4443,757,2.55
P4444,335,2.12
P4445,270,1.49
P4446,269,3.8
P4447,574,3.45
P4448,488,1.5
P4449,881,3.06
P4450,349,1.61
P4451,399,1.29
P4452,398,2.76
P4453,336,3.39
P4454,82,3.23
P4455,997,3.85
P4456,22,4.63
P4457,421,2.2
P4458,551,4.37
P4459,697,3.2
P4460,892,2.83
P4461,125,2.92
P4462,509,2.31
P4463,972,4.95
P4464,229,1.53
P4465,242,1.16
P4466,137,2.73
P4467,414,3.84
P4468,73,1.7
P4469,848,3.05
P4470,51,2.39
P4471,389,3.44
P4472,714,1.43
P4473,141,4.41
P4474,836,4.11
P4475,120,3.13
P4476,642,3.65
P4477,847,2.95
P4478,400,1.96
P4479,582,4.11
P4480,787,1.48
P4481,62,2.91
P4482,133,1.98
P4483,433,1.81
P4484,666,2.55
P4485,159,2.07
P4486,61,1.26
P4487,522,4.29
P4488,512,2.25
P4489,600,2.77
P4490,801,2.77
P4491,99,4.42
P4492,177,4.43
P4493,663,3.59
P4494,712,3.06
P4495,850,3.02
P4496,262,2.05
P4497,558,3.21
P4498,536,3.06
P4499,208,4.4
P4500,887,3.15
P4501,560,1.96
P4502,794,1.69
P4503,289,4.84
P4504,61,2.06
P4505,217,1.51
P4506,164,2.4
P4507,127,3.45
P4508,260,2.08
P4509,622,1.79
P4510,646,1.0
P4511,175,1.36
P4512,348,2.53
P4513,52,1.77
P4514,282,3.78
P4515,165,1.77
P4516,595,2.47
P4517,692,4.98
P4518,168,3.71
P4519,798,3.99
P4520,845,3.7
P4521,637,1.66
P4522,274,1.28
P4523,513,4.75
P4524,453,2.85
P4525,803,2.35
P4526,385,2.77
P4527,74,2.71
P4528,674,4.54
P4529,276,2.5
P4530,95,1.31
P4531,415,2.41
P4532,340,1.89
P4533,776,4.12
P4534,17,3.39
P4535,21,4.64
P4536,911,4.81
P4537,810,4.79
P4538,216,4.44
P4539,627,1.8
P4540,628,2.75
P4541,441,3.79
P4542,322,4.01
P4543,821,4.29
P4544,166,3.95
P4545,456,4.69
P4546,219,4.11
P4547,508,4.58
P4548,144,2.49
P4549,969,1.71
P4550,160,1.35
P4551,588,3.02
P4552,671,1.88
P4553,488,2.04
P4554,730,2.1
P4555,908,2.0
P4556,279,2.81
P4557,229,1.4
P4558,370,2.71
P4559,587,1.03
P4560,133,1.22
P4561,473,1.03
P4562,629,1.19
P4563,485,2.42
P4564,526,2.23
P4565,950,1.16
P4566,518,1.55
P4567,169,2.23
P4568,467,3.26
P4569,201,2.8
P4570,46,1.93
P4571,788,3.46
P4572,337,1.6
P4573,365,2.27
P4574,165,3.77
P4575,909,2.64
P4576,193,2.48
P4577,448,2.52
P4578,648,3.82
P4579,725,1.09
P4580,582,2.96
P4581,652,3.57
P4582,702,2.21
P4583,283,3.14
P4584,564,3.62
P4585,74,1.22
P4586,185,4.86
P4587,825,1.35
P4588,936,1.58
P4589,795,2.01
P4590,634,1.58
P4591,574,4.36
P4592,970,2.79
P4593,480,2.84
P4594,125,4.71
P4595,374,2.75
P4596,811,3.63
P4597,585,4.89
P4598,56,3.28
P4599,96,1.16
P4600,606,2.12
P4601,866,1.87
P4602,520,2.3
P4603,219,1.38
P4604,543,3.99
P4605,406,1.74
P4606,992,4.13
P4607,222,3.71
P4608,186,3.96
P4609,262,4.83
P4610,936,4.82
P4611,24,3.69
P4612,382,3.9
P4613,390,4.69
P4614,922,2.53
P4615,562,4.63
P4616,277,1.17
P4617,85,1.03
P4618,548,3.02
P4619,758,3.5
P4620,75,4.02
P4621,110,4.03
P4622,605,3.4
P4623,63,2.03
P4624,559,3.76
P4625,630,3.3
P4626,603,2.68
P4627,868,4.41
P4628,251,4.44
P4629,936,4.69
P4630,50,1.32
P4631,406,4.66
P4632,920,4.43
P4633,592,3.49
P4634,217,2.7
P4635,746,3.72
P4636,733,1.5
P4637,208,4.37
P4638,935,3.51
P4639,243,3.8
P4640,887,2.92
P4641,172,3.38
P4642,404,1.96
P4643,199,4.24
P4644,587,3.35
P4645,306,1.11
P4646,560,1.99
P4647,901,1.56
P4648,243,4.14
P4649,719,1.7
P4650,165,1.7
P4651,890,1.47
P4652,830,2.25
P4653,15,4.17
P4654,787,1.64
P4655,319,3.1
P4656,451,4.01
P4657,472,2.2
P4658,926,2.5
P4659,493,4.57
P4660,755,1.42
P4661,19,1.12
P4662,368,3.92
P4663,490,4.51
P4664,802,1.41
P4665,76,3.2
P4666,925,4.24
P4667,199,2.65
P4668,289,2.75
P4669,409,2.0
P4670,802,4.94
P4671,594,1.22
P4672,862,2.38
P4673,843,3.0
P4674,755,4.19
P4675,26,1.58
P4676,786,1.08
P4677,756,3.62
P4678,777,1.52
P4679,465,3.42
P4680,196,1.44
P4681,602,1.55
P4682,367,2.43
P4683,597,4.13
P4684,439,1.95
P4685,827,3.52
P4686,498,3.02
P4687,609,3.81
P4688,374,1.41
P4689,819,1.9
P4690,254,2.69
P4691,548,1.4
P4692,449,1.86
P4693,251,3.49
P4694,144,2.03
P4695,68,4.49
P4696,21,2.45
P4697,597,1.63
P4698,26,3.97
P4699,998,2.68
P4700,277,3.87
P4701,216,2.96
P4702,129,2.75
P4703,249,2.88
P4704,439,4.77
P4705,856,2.83
P4706,531,4.83
P4707,323,3.05
P4708,493,3.75
P4709,402,3.2
P4710,985,1.59
P4711,304,1.63
P4712,622,2.38
P4713,951,1.98
P4714,447,2.01
P4715,243,2.8
P4716,563,2.63
P4717,746,2.47
P4718,164,3.82
P4719,455,1.11
P4720,99,4.0
P4721,724,4.96
P4722,452,3.97
P4723,614,1.34
P4724,5,3.45
P4725,166,3.77
P4726,729,1.66
P4727,448,3.93
P4728,660,4.42
P4729,566,1.84
P4730,59,2.26
P4731,125,3.42
P4732,79,4.2
P4733,950,1.9
P4734,761,4.44
P4735,605,1.03
P4736,186,2.62
P4737,763,3.82
P4738,596,4.88
P4739,468,2.18
P4740,333,4.33
P4741,822,1.93
P4742,287,2.08
P4743,462,2.34
P4744,112,4.85
P4745,765,3.22
P4746,297,1.03
P4747,323,4.74
P4748,835,3.17
P4749,815,1.9
P4750,694,3.26
P4751,365,4.82
P4752,476,1.73
P4753,141,4.31
P4754,246,2.81
P4755,330,4.69
P4756,917,4.71
P4757,548,3.69
P4758,956,2.55
P4759,574,4.3
P4760,62,3.83
P4761,383,2.9
P4762,470,2.74
P4763,627,1.18
P4764,826,4.29
P4765,167,4.81
P4766,785,2.26
P4767,902,2.59
P4768,712,3.47
P4769,783,3.27
P4770,586,4.25
P4771,414,1.94
P4772,655,4.69
P4773,741,1.58
P4774,366,3.96
P4775,435,2.51
P4776,910,4.16
P4777,167,4.67
P4778,869,3.82
P4779,381,2.19
P4780,554,3.15
P4781,776,4.28
P4782,881,4.02
P4783,858,4.82
P4784,457,3.21
P4785,552,4.93
P4786,656,2.24
P4787,274,3.82
P4788,873,1.58
P4789,804,1.22
P4790,574,2.42
P4791,762,3.93
P4792,221,4.47
P4793,126,1.56
P4794,976,3.7
P4795,738,4.24
P4796,242,2.71
P4797,321,4.5
P4798,681,1.61
P4799,187,3.7
P4800,761,1.7
P4801,509,1.68
P4802,733,4.62
P4803,34,4.32
P4804,347,2.03
P4805,249,4.13
P4806,613,1.91
P4807,917,1.06
P4808,42,2.95
P4809,967,3.86
P4810,426,1.43
P4811,624,2.39
P4812,602,1.16
P4813,967,3.08
P4814,108,1.59
P4815,693,1.92
P4816,351,1.52
P4817,108,3.44
P4818,16,3.29
P4819,923,1.53
P4820,805,1.01
P4821,807,1.87
P4822,331,4.0
P4823,391,3.06
P4824,571,1.52
P4825,486,1.18
P4826,641,1.99
P4827,587,3.7
P4828,816,4.34
P4829,416,4.92
P4830,657,2.2
P4831,526,1.79
P4832,975,2.78
P4833,902,2.6
P4834,360,1.71
P4835,932,4.27
P4836,589,1.88
P4837,836,2.25
P4838,268,3.84
P4839,851,1.98
P4840,205,4.93
P4841,570,1.58
P4842,154,2.82
P4843,990,2.09
P4844,118,3.38
P4845,569,1.24
P4846,256,1.73
P4847,981,2.9
P4848,671,4.73
P4849,84,4.01
P4850,659,3.23
P4851,242,2.81
P4852,439,4.05
P4853,663,2.33
P4854,965,4.85
P4855,518,3.61
P4856,379,4.63
P4857,350,3.63
P4858,136,2.71
P4859,44,4.47
P4860,44,3.0
P4861,613,1.36
P4862,13,1.39
P4863,213,3.25
P4864,149,1.96
P4865,658,1.43
P4866,869,2.48
P4867,451,1.04
P4868,931,2.56
P4869,336,3.04
P4870,519,2.95
P4871,205,1.06
P4872,296,1.67
P4873,615,4.32
P4874,617,2.86
P4875,544,2.08
P4876,914,4.25
P4877,186,2.43
P4878,348,1.4
P4879,501,1.18
P4880,383,1.25
P4881,354,1.48
P4882,599,2.39
P4883,885,3.23
P4884,127,4.05
P4885,231,4.01
P4886,398,2.56
P4887,152,4.43
P4888,871,3.14
P4889,893,4.66
P4890,52,1.36
P4891,439,4.45
P4892,858,4.78
P4893,297,4.04
P4894,903,2.92
P4895,287,3.29
P4896,652,2.4
P4897,244,4.76
P4898,708,1.23
P4899,723,3.81
P4900,133,2.03
P4901,250,3.65
P4902,51,1.16
P4903,292,4.41
P4904,309,1.93
P4905,66,4.07
P4906,580,1.97
P4907,44,4.13
P4908,243,4.9
P4909,483,3.14
P4910,31,3.71
P4911,580,3.52
P4912,474,2.61
P4913,458,4.39
P4914,336,3.61
P4915,854,2.67
P4916,112,4.78
P4917,87,1.02
P4918,128,1.17
P4919,968,3.4
P4920,719,1.14
P4921,705,2.4
P4922,803,3.61
P4923,581,4.4
P4924,351,1.96
P4925,263,1.91
P4926,898,2.68
P4927,215,2.39
P4928,849,1.05
P4929,933,3.81
P4930,769,1.42
P4931,581,4.31
P4932,255,4.28
P4933,568,1.49
P4934,632,3.69
P4935,515,3.94
P4936,22,4.31
P4937,459,1.96
P4938,821,2.74
P4939,486,2.95
P4940,63,2.87
P4941,726,3.25
P4942,870,2.41
P4943,213,2.03
P4944,91,1.67
P4945,115,1.23
P4946,519,1.5
P4947,224,1.59
P4948,681,3.48
P4949,142,4.45
P4950,909,1.45
P4951,810,4.5
P4952,521,2.86
P4953,757,1.85
P4954,515,2.72
P4955,319,2.44
P4956,7,2.8
P4957,380,4.35
P4958,148,4.05
P4959,249,1.65
P4960,208,2.82
P4961,615,4.65
P4962,116,3.2
P4963,953,4.1
P4964,648,2.05
P4965,37,2.98
P4966,497,1.39
P4967,426,3.8
P4968,729,1.0
P4969,52,4.22
P4970,624,3.75
P4971,285,3.26
P4972,590,3.0
P4973,199,4.81
P4974,745,4.23
P4975,595,4.79
P4976,660,2.73
P4977,337,3.18
P4978,690,3.07
P4979,14,4.39
P4980,485,4.48
P4981,90,2.81
P4982,358,4.7
P4983,475,1.41
P4984,351,1.76
P4985,303,3.2
P4986,349,2.47
P4987,741,3.19
P4988,540,2.26
P4989,746,3.76
P4990,621,3.89
P4991,387,2.85
P4992,520,1.88
P4993,303,2.12
P4994,32,1.31
P4995,116,2.01
P4996,545,1.76
P4997,284,4.46
P4998,472,3.71
P4999,760,4.6
